investment_id,portfolio_id,asset_type,asset_name,units,purchase_price,current_price,purchase_date,market_value
713487,8371,Real Estate,Duke LLC Real Estate,43.57,483.91,651.75,2024-08-04,28396.75
976887,9353,Stock,"Sheppard, Gonzalez and Paul Stock",287.3,837.55,947.77,2022-07-02,272294.32
816911,6750,Real Estate,Sanchez-Juarez Real Estate,128.23,872.96,1287.15,2020-09-26,165051.24
597220,2461,Mutual Fund,"Schmidt, Blackburn and Ford Mutual Fund",470.36,618.39,878.99,2021-03-16,413441.74
460251,2525,Real Estate,Davenport LLC Real Estate,53.46,310.82,284.29,2022-01-03,15198.14
384506,2697,Mutual Fund,Patterson-Harris Mutual Fund,210.5,116.16,115.27,2022-12-23,24264.33
768915,6444,Bond,Torres-Blackwell Bond,36.22,775.93,777.37,2021-06-06,28156.34
474787,9983,Bond,"Fry, Hawkins and Ramos Bond",312.57,719.0,1014.3,2023-02-23,317039.75
334520,8313,Mutual Fund,Henderson-King Mutual Fund,499.14,461.96,508.36,2020-10-04,253742.81
923315,5792,Bond,Blanchard-Maynard Bond,15.56,813.94,1013.11,2023-02-10,15763.99
450021,9525,Bond,"Long, Johnson and Mckee Bond",14.08,83.83,93.26,2022-09-26,1313.1
887709,5968,Real Estate,Walker Ltd Real Estate,124.12,137.85,118.42,2023-07-31,14698.29
392916,3109,Mutual Fund,Jones Group Mutual Fund,96.93,548.63,654.54,2023-01-31,63444.56
521293,9920,Real Estate,Howard-Smith Real Estate,358.63,177.84,266.36,2020-08-10,95524.69
944093,7172,Real Estate,Ware-Campbell Real Estate,307.27,700.18,612.49,2023-04-13,188199.8
263416,6590,Stock,"Adkins, Munoz and Sims Stock",141.73,739.53,1095.86,2023-06-21,155316.24
558677,7654,Stock,Jefferson Ltd Stock,462.89,784.56,1158.34,2024-07-09,536184.0
591073,5318,Stock,Whitaker Group Stock,352.54,584.35,640.32,2024-03-04,225738.41
846467,7976,Bond,"Houston, Henson and Miller Bond",321.37,120.51,159.99,2019-11-23,51415.99
988630,8616,Bond,Fischer-Anderson Bond,351.53,198.78,176.93,2021-03-11,62196.2
388732,2474,Real Estate,Pacheco PLC Real Estate,358.86,693.47,725.76,2024-02-28,260446.23
104309,6263,Mutual Fund,"Brooks, Woods and Miller Mutual Fund",213.86,224.62,233.05,2020-03-19,49840.07
782484,4321,Real Estate,Jarvis-Osborn Real Estate,153.19,647.47,765.95,2020-03-22,117335.88
643708,8975,Bond,Stanley LLC Bond,294.29,62.13,59.35,2023-05-26,17466.11
777245,4430,Real Estate,"White, Boyer and Stephens Real Estate",419.03,679.7,744.37,2022-09-24,311913.36
894733,8994,Mutual Fund,"Valentine, Palmer and Stevenson Mutual Fund",232.86,498.15,563.4,2021-12-24,131193.32
744512,9044,Stock,"Wilson, Gray and Key Stock",204.26,442.49,468.38,2020-01-03,95671.3
644174,7654,Bond,"Velez, Wilson and Salazar Bond",421.62,932.89,1309.96,2019-12-28,552305.34
457677,9063,Real Estate,"Hurst, Taylor and Elliott Real Estate",151.08,959.7,771.15,2020-10-16,116505.34
466611,8002,Mutual Fund,Short LLC Mutual Fund,126.35,310.01,258.36,2022-07-12,32643.79
445182,7983,Real Estate,Harris Inc Real Estate,49.52,901.21,1066.76,2021-06-02,52825.96
130841,2720,Real Estate,Oneill-Wright Real Estate,108.73,127.99,189.86,2023-09-12,20643.48
974987,4355,Stock,Daniels Ltd Stock,122.26,509.02,700.72,2022-02-13,85670.03
830054,7634,Mutual Fund,Frazier-Williams Mutual Fund,409.75,121.75,144.44,2024-06-24,59184.29
118944,9751,Stock,Ford Inc Stock,125.8,208.25,273.4,2021-03-21,34393.72
777955,6444,Mutual Fund,Nichols Ltd Mutual Fund,158.99,882.03,1309.78,2021-08-23,208241.92
204776,1204,Real Estate,Moreno-Duffy Real Estate,242.28,122.2,112.45,2020-12-12,27244.39
175626,1558,Bond,"Cuevas, Palmer and Murphy Bond",447.3,712.78,824.43,2021-10-15,368767.54
312192,2363,Mutual Fund,"Lam, Johnson and Mueller Mutual Fund",306.05,64.37,68.59,2024-03-17,20991.97
418595,1269,Real Estate,Salas Group Real Estate,353.47,649.87,583.97,2021-08-22,206415.88
764824,7654,Real Estate,"Lowe, Hernandez and Mitchell Real Estate",213.91,167.02,138.89,2020-01-18,29709.96
565836,3725,Stock,Goodwin-Taylor Stock,102.37,477.65,509.91,2021-01-23,52199.49
595540,7258,Mutual Fund,Mcdonald-Nielsen Mutual Fund,266.99,908.21,856.7,2022-09-21,228730.33
272800,3640,Real Estate,"Riley, Coleman and Bruce Real Estate",168.92,464.92,660.39,2024-03-10,111553.08
209146,1558,Mutual Fund,Mcgee Ltd Mutual Fund,13.03,76.54,72.69,2021-09-11,947.15
523934,2823,Real Estate,"Perez, Glover and Cross Real Estate",267.72,238.58,318.26,2019-11-29,85204.57
960162,6070,Mutual Fund,"Horton, Howe and Collins Mutual Fund",78.01,698.51,1045.35,2021-05-30,81547.75
442383,5646,Real Estate,Bryant Inc Real Estate,153.18,265.22,244.42,2023-03-12,37440.26
141312,8368,Bond,Martinez-Carter Bond,319.29,359.44,416.11,2023-06-17,132859.76
970410,4705,Real Estate,Rice and Sons Real Estate,463.9,509.97,753.52,2024-02-13,349557.93
304664,1770,Bond,Jones-Bartlett Bond,169.67,323.34,460.17,2021-07-15,78077.04
541613,6906,Bond,Baker Inc Bond,322.73,445.24,600.7,2020-10-10,193863.91
580608,1269,Real Estate,"Anderson, Martinez and Fowler Real Estate",66.81,184.2,202.34,2023-05-06,13518.34
505572,8996,Real Estate,Santiago PLC Real Estate,367.68,844.59,864.26,2021-07-13,317771.12
719859,4716,Stock,"Jennings, Fisher and Hicks Stock",29.72,90.14,96.27,2021-05-22,2861.14
113805,6416,Stock,"Medina, Fowler and Gutierrez Stock",14.2,122.21,101.49,2021-08-28,1441.16
262996,1475,Bond,"Garcia, Best and Bowen Bond",447.71,334.39,309.18,2023-11-08,138422.98
666018,3778,Bond,Campbell LLC Bond,368.13,610.13,766.96,2022-06-29,282340.98
464963,8280,Stock,Cobb-Hughes Stock,295.81,837.8,763.68,2020-07-23,225904.18
403216,5396,Bond,"Williams, Jennings and Davis Bond",126.26,356.81,305.77,2023-01-28,38606.52
891626,5108,Mutual Fund,Anderson-Turner Mutual Fund,408.1,512.16,442.46,2020-11-26,180567.93
262038,7602,Stock,Rowland-Chase Stock,197.34,839.53,859.83,2023-12-11,169678.85
978098,6810,Mutual Fund,Taylor Group Mutual Fund,34.12,681.32,960.18,2024-04-04,32761.34
775032,4771,Stock,Luna-Terry Stock,99.29,306.59,254.45,2021-05-28,25264.34
890506,8907,Bond,"May, Ayala and Daniels Bond",112.25,779.19,960.56,2022-04-28,107822.86
107516,5396,Bond,"Vasquez, Thomas and Anthony Bond",333.47,59.96,89.24,2022-06-14,29758.86
805820,4716,Mutual Fund,"Bryant, Valdez and Johnson Mutual Fund",487.71,791.88,1006.87,2019-12-29,491060.57
462800,1204,Bond,Hall-Harris Bond,167.92,275.77,359.48,2021-03-18,60363.88
311553,4877,Mutual Fund,"Nelson, Burgess and Shelton Mutual Fund",355.14,164.74,175.4,2020-12-05,62291.56
826407,2235,Stock,"Hughes, Hebert and Foster Stock",269.96,663.62,764.84,2020-03-09,206476.21
978011,7691,Mutual Fund,"Greer, Ramirez and Delgado Mutual Fund",380.08,627.95,845.29,2021-03-16,321277.82
869769,8550,Mutual Fund,Le-Payne Mutual Fund,306.59,906.58,998.42,2022-10-30,306105.59
156521,4919,Bond,Atkins-Davis Bond,131.02,819.22,1118.55,2020-08-12,146552.42
628909,9116,Stock,"Hernandez, Valdez and Foley Stock",90.44,361.34,403.02,2024-07-27,36449.13
600194,2055,Mutual Fund,"Giles, Page and Hunt Mutual Fund",321.84,772.19,1112.96,2023-12-23,358195.05
683283,4355,Bond,"Campos, Gonzales and Arnold Bond",318.88,618.12,568.03,2024-01-17,181133.41
770167,5933,Stock,Lee Ltd Stock,303.96,333.3,461.59,2021-02-02,140304.9
803407,2678,Real Estate,"Wright, Olson and Lopez Real Estate",229.41,278.81,335.59,2021-02-01,76987.7
472444,2150,Mutual Fund,Evans-Proctor Mutual Fund,409.97,771.15,1146.0,2024-02-24,469825.62
839057,1845,Stock,Anderson-Hobbs Stock,351.97,781.96,965.53,2022-10-30,339837.59
437294,4355,Bond,Henson and Sons Bond,440.71,242.71,276.11,2020-10-27,121684.44
302798,2697,Real Estate,Levy-Harris Real Estate,292.92,393.51,571.24,2023-04-23,167327.62
819347,2131,Mutual Fund,Baxter-Hatfield Mutual Fund,366.89,873.58,782.89,2019-10-15,287234.51
825867,7602,Mutual Fund,"Price, Dodson and Wilkerson Mutual Fund",390.47,884.83,1112.24,2020-04-25,434296.35
516381,5663,Stock,Williams Ltd Stock,88.67,349.78,395.27,2023-10-15,35048.59
585599,8069,Real Estate,Nicholson-Hill Real Estate,354.41,904.88,1271.71,2023-12-03,450706.74
933051,8996,Bond,Rhodes LLC Bond,89.56,552.21,468.5,2020-11-21,41958.86
956034,8994,Bond,"Faulkner, Barker and Cannon Bond",422.72,290.0,352.89,2024-07-16,149173.66
836228,5264,Mutual Fund,Moran and Sons Mutual Fund,357.42,851.78,1270.88,2024-01-09,454237.93
163715,4430,Stock,"Jennings, Kline and Andrews Stock",231.24,286.71,249.95,2023-12-08,57798.44
691770,2253,Mutual Fund,Smith-Martinez Mutual Fund,176.78,629.02,604.85,2020-02-07,106925.38
887847,6218,Mutual Fund,"Vargas, Davis and Cabrera Mutual Fund",85.89,875.75,812.81,2019-10-18,69812.25
274629,5792,Mutual Fund,"Torres, Wagner and Middleton Mutual Fund",17.52,151.9,208.24,2019-12-10,3648.36
542436,5968,Mutual Fund,Johnson-Zuniga Mutual Fund,222.16,67.78,87.05,2023-05-03,19339.03
366372,7985,Stock,"Hall, Franklin and Miller Stock",496.21,425.29,583.78,2023-01-29,289677.47
431204,1719,Stock,"Adkins, Frazier and Lewis Stock",172.52,994.04,898.57,2023-03-16,155021.3
898681,8234,Mutual Fund,Brown-Lindsey Mutual Fund,38.39,481.72,590.28,2021-07-02,22660.85
581070,3109,Bond,Krueger Ltd Bond,119.78,88.5,97.97,2024-08-02,11734.85
618066,2363,Mutual Fund,Smith-Stevenson Mutual Fund,25.92,379.48,374.27,2024-07-28,9701.08
747974,8355,Bond,"Gonzalez, Allen and Mclean Bond",75.86,260.65,226.05,2019-10-22,17148.15
990593,2697,Real Estate,Howell Group Real Estate,433.01,276.42,301.57,2021-06-03,130582.83
206268,8996,Mutual Fund,Myers Group Mutual Fund,86.74,665.9,916.61,2020-08-30,79506.75
457329,1204,Real Estate,Preston-Mullen Real Estate,360.24,700.83,666.38,2021-03-13,240056.73
962846,1763,Stock,Petersen Inc Stock,13.19,583.91,787.11,2021-11-29,10381.98
902662,8616,Mutual Fund,Bailey Inc Mutual Fund,220.82,640.53,772.78,2024-06-18,170645.28
548429,7027,Bond,Cole Group Bond,324.97,52.57,73.84,2020-09-06,23995.78
175331,9834,Real Estate,Oneal-Campos Real Estate,374.07,700.92,835.72,2019-12-22,312617.78
875907,1787,Stock,Young Ltd Stock,490.71,178.14,202.38,2023-05-27,99309.89
890255,1410,Bond,"Neal, Allison and Harvey Bond",211.09,133.08,199.28,2020-03-10,42066.02
502425,1858,Bond,Robertson-Harris Bond,318.93,777.14,1141.04,2023-04-04,363911.89
544292,5318,Real Estate,"Lee, Cox and Stevens Real Estate",147.8,820.76,720.24,2024-04-23,106451.47
452448,7985,Real Estate,Thomas and Sons Real Estate,259.43,197.13,195.95,2020-10-14,50835.31
512164,7654,Stock,Miller LLC Stock,206.6,477.05,444.33,2021-05-26,91798.58
386848,4321,Real Estate,"Vincent, Colon and Thomas Real Estate",193.61,451.38,603.36,2021-09-09,116816.53
988177,1269,Stock,Jackson LLC Stock,343.96,333.68,456.63,2019-12-01,157062.45
801528,4948,Mutual Fund,"Morgan, Wright and Stephens Mutual Fund",24.96,610.58,766.72,2021-05-25,19137.33
652902,2183,Real Estate,Carter Ltd Real Estate,431.71,662.7,531.82,2024-06-13,229592.01
740770,7655,Mutual Fund,Bailey Inc Mutual Fund,293.26,369.15,541.59,2023-10-24,158826.68
844139,2131,Bond,Jones-Rodriguez Bond,455.54,262.66,239.22,2020-11-17,108974.28
604161,1405,Bond,"Owens, Hamilton and Wilson Bond",431.94,468.02,674.25,2022-02-23,291235.54
428131,6416,Mutual Fund,Oconnor-Ross Mutual Fund,189.56,970.14,934.98,2023-12-26,177234.81
668227,8616,Bond,"Jones, Garcia and Miller Bond",489.32,517.84,630.82,2020-05-14,308672.84
167086,5792,Stock,Ortega LLC Stock,418.27,136.38,159.74,2019-10-22,66814.45
611775,5264,Bond,Johnson PLC Bond,143.03,63.49,82.99,2020-05-12,11870.06
632339,8368,Bond,Rodriguez-Key Bond,227.62,156.3,224.61,2020-12-02,51125.73
120667,7265,Real Estate,Conley Group Real Estate,72.83,135.57,133.59,2021-02-26,9729.36
317366,8355,Mutual Fund,"Howard, Meyer and Gilmore Mutual Fund",219.78,598.8,572.51,2023-01-23,125826.25
385601,6590,Mutual Fund,Hall-Thomas Mutual Fund,80.03,116.63,170.8,2020-10-20,13669.12
442266,9427,Real Estate,White and Sons Real Estate,141.64,132.68,162.53,2022-10-24,23020.75
346973,9353,Real Estate,Burns Group Real Estate,91.05,253.35,318.33,2023-01-01,28983.95
446177,1471,Stock,Lawrence-Green Stock,425.37,702.96,746.55,2023-02-26,317559.97
509480,7747,Real Estate,"Molina, Bridges and Garner Real Estate",411.53,768.31,1074.82,2019-12-20,442320.67
633961,1069,Stock,"Burgess, Washington and French Stock",437.83,750.22,903.72,2019-12-11,395675.73
903365,9730,Real Estate,Daniels-Day Real Estate,239.39,940.33,1257.45,2024-03-24,301020.96
268521,7265,Mutual Fund,"Werner, Phillips and Lopez Mutual Fund",291.57,526.04,423.47,2021-02-23,123471.15
905806,9757,Stock,"Flores, Walker and Hopkins Stock",191.26,703.39,800.81,2022-09-15,153162.92
927711,1719,Mutual Fund,Hampton LLC Mutual Fund,306.17,508.46,523.31,2022-11-15,160221.82
832901,3109,Bond,Johnson-Green Bond,71.1,599.4,890.42,2021-07-08,63308.86
228616,8550,Mutual Fund,"Clarke, Lewis and Myers Mutual Fund",389.02,379.83,422.62,2022-12-08,164407.63
383211,1763,Real Estate,Guzman LLC Real Estate,135.86,577.1,594.78,2020-01-03,80806.81
271360,9116,Stock,Hill Group Stock,473.35,263.54,277.79,2021-05-14,131491.9
871551,2448,Stock,Avery LLC Stock,141.54,50.4,61.51,2019-12-04,8706.13
782354,7654,Real Estate,Fisher LLC Real Estate,337.45,896.88,996.77,2023-12-13,336360.04
757124,6661,Stock,Becker PLC Stock,82.38,64.97,73.63,2021-02-08,6065.64
765580,2598,Real Estate,Larsen-Perry Real Estate,285.85,828.79,1193.02,2022-05-31,341024.77
992777,2474,Mutual Fund,"Bauer, Ho and Salas Mutual Fund",13.76,902.5,1301.97,2024-05-21,17915.11
979556,1483,Real Estate,"Sawyer, Zamora and Reyes Real Estate",187.88,537.38,484.62,2021-07-23,91050.41
933533,5646,Stock,Mcdonald-Taylor Stock,381.96,873.26,1026.89,2024-01-18,392230.9
836643,2720,Stock,"Oneill, Hampton and Lawson Stock",184.22,692.9,778.48,2022-11-09,143411.59
895095,5646,Real Estate,Johns-Hughes Real Estate,229.9,827.57,1099.12,2022-12-14,252687.69
516230,1845,Mutual Fund,Beck-Smith Mutual Fund,371.98,490.25,650.76,2024-02-13,242069.7
463380,1471,Mutual Fund,"Hall, Estrada and Vaughn Mutual Fund",292.02,462.21,401.96,2022-01-07,117380.36
429555,9698,Mutual Fund,"Lewis, Norris and Bell Mutual Fund",95.28,131.59,117.7,2022-12-30,11214.46
786017,6416,Mutual Fund,"Smith, Garrett and Wilson Mutual Fund",300.74,634.23,896.73,2021-11-30,269682.58
798985,1763,Mutual Fund,"Alvarez, Bradley and Gomez Mutual Fund",290.99,201.87,175.5,2023-10-09,51068.75
192478,8032,Real Estate,Baker-White Real Estate,61.76,239.44,264.92,2023-10-03,16361.46
906463,4566,Stock,Moore PLC Stock,407.15,256.21,224.51,2023-04-03,91409.25
957435,7747,Mutual Fund,Frye Group Mutual Fund,164.08,586.22,566.88,2023-01-25,93013.67
969788,7756,Mutual Fund,"Mejia, Whitehead and Grimes Mutual Fund",264.37,806.93,1085.83,2020-01-04,287060.88
642885,8371,Mutual Fund,"Castillo, Barker and Russo Mutual Fund",236.52,904.69,818.84,2020-02-25,193672.04
560140,4351,Real Estate,West-Noble Real Estate,234.18,679.05,613.85,2021-08-16,143751.39
174761,7858,Real Estate,Fischer-Reese Real Estate,31.44,317.07,409.84,2023-01-30,12885.37
693662,6590,Stock,Webb-Wallace Stock,153.91,348.25,393.03,2021-12-11,60491.25
962617,5431,Real Estate,Price Ltd Real Estate,129.95,423.56,380.93,2024-05-14,49501.85
990187,3938,Stock,Wilson and Sons Stock,299.44,852.48,774.85,2021-11-07,232021.08
783971,3640,Bond,"Odom, Campos and Reyes Bond",257.56,869.62,971.15,2022-11-04,250129.39
178992,5705,Stock,Brown-Francis Stock,495.97,773.43,865.49,2023-07-22,429257.08
366009,3862,Stock,Cortez PLC Stock,315.69,479.82,407.04,2024-05-19,128498.46
281917,3109,Mutual Fund,Carlson-Taylor Mutual Fund,328.37,663.18,767.25,2020-04-15,251941.88
872233,4157,Bond,"Peters, Johnson and Clements Bond",169.16,367.94,503.12,2023-07-11,85107.78
953962,3640,Bond,Flores-Campbell Bond,449.4,819.74,867.98,2020-12-22,390070.21
415156,8853,Mutual Fund,Hood-Allen Mutual Fund,146.59,580.62,575.5,2022-07-31,84362.54
495000,7858,Bond,"Sanford, Hurst and Fletcher Bond",465.3,924.64,1079.75,2021-12-11,502407.67
287493,2696,Bond,Wheeler-Anderson Bond,13.12,542.11,767.11,2024-08-13,10064.48
390464,9566,Bond,"Mcintyre, Wilson and Austin Bond",87.45,240.84,204.75,2023-05-30,17905.39
809264,3258,Stock,"Jimenez, Pitts and Taylor Stock",470.14,616.93,831.35,2019-11-30,390850.89
848877,5396,Mutual Fund,Schwartz-Barton Mutual Fund,407.88,130.6,128.09,2024-07-12,52245.35
837201,1410,Real Estate,Mcguire LLC Real Estate,299.78,683.77,950.91,2022-03-15,285063.8
310913,4771,Real Estate,Martin PLC Real Estate,329.79,902.48,963.76,2022-01-13,317838.41
928686,2461,Stock,"Hall, Williams and Thomas Stock",314.52,181.51,199.01,2023-06-18,62592.63
221445,9566,Bond,Cordova LLC Bond,283.99,396.33,404.52,2023-03-06,114879.63
521175,2696,Mutual Fund,Hale-Brown Mutual Fund,233.2,580.29,797.1,2023-02-23,185883.72
971692,8353,Stock,Faulkner-Pierce Stock,204.7,638.86,648.72,2022-06-10,132792.98
155169,9566,Real Estate,"Smith, Lowe and Campbell Real Estate",268.94,999.96,1369.6,2021-11-20,368340.22
215865,2235,Mutual Fund,Jones-Brown Mutual Fund,346.26,962.43,1268.78,2023-01-06,439327.76
978361,7046,Stock,Martin-Bolton Stock,485.47,234.04,343.6,2020-08-02,166807.49
397893,5933,Stock,"Kramer, Ferguson and Pena Stock",411.16,556.55,804.04,2021-07-17,330589.09
585302,8280,Bond,Hansen-Mendoza Bond,482.07,507.03,447.41,2022-05-19,215682.94
480813,7071,Real Estate,"Levy, Smith and Moore Real Estate",74.66,613.45,694.0,2020-07-08,51814.04
825129,7985,Stock,Phelps Ltd Stock,313.37,634.18,547.8,2022-10-25,171664.09
891288,9031,Real Estate,Edwards LLC Real Estate,411.88,926.81,1266.82,2020-05-18,521777.82
516866,4716,Mutual Fund,Ali Inc Mutual Fund,201.57,430.43,630.44,2021-08-20,127077.79
233820,5663,Mutual Fund,Rivera and Sons Mutual Fund,450.2,941.75,1403.74,2021-12-08,631963.75
776367,6661,Stock,Smith-Harris Stock,70.9,162.52,239.4,2021-03-21,16973.46
861503,2382,Stock,Long and Sons Stock,123.61,408.47,556.4,2024-05-27,68776.6
726831,7234,Stock,Johnson-Wagner Stock,188.57,975.24,1344.57,2023-06-12,253545.56
180206,3617,Mutual Fund,"Serrano, Mitchell and Perez Mutual Fund",194.73,683.48,822.89,2024-09-19,160241.37
148125,2461,Real Estate,"Peterson, Good and Ross Real Estate",482.21,258.84,304.95,2019-10-03,147049.94
682639,1410,Stock,"Macias, Baxter and Munoz Stock",200.64,998.1,851.86,2021-09-03,170917.19
519849,1471,Stock,"Castro, Cabrera and Paul Stock",278.32,202.67,299.91,2020-08-03,83470.95
138891,7265,Bond,Henson-Ramirez Bond,304.36,78.08,79.01,2023-10-25,24047.48
240564,7976,Bond,Barnes and Sons Bond,40.46,292.07,365.97,2020-01-27,14807.15
424072,6655,Stock,Rangel-Maldonado Stock,180.36,763.53,704.46,2021-07-04,127056.41
716447,4700,Mutual Fund,Jones Group Mutual Fund,458.89,963.47,887.99,2024-07-07,407489.73
976299,4948,Stock,Craig-Jordan Stock,126.0,69.86,86.7,2020-02-28,10924.2
563438,2474,Real Estate,Terry-Garcia Real Estate,119.27,267.95,307.6,2023-01-12,36687.45
123113,4355,Real Estate,"Brewer, Wallace and Cook Real Estate",86.73,324.2,387.83,2020-12-06,33636.5
675753,2304,Stock,Davis Ltd Stock,142.65,707.04,793.83,2024-03-29,113239.85
245346,2582,Mutual Fund,Dawson LLC Mutual Fund,482.6,771.11,1057.2,2024-03-31,510204.72
929231,3302,Stock,Perry PLC Stock,149.12,988.27,1055.69,2023-01-01,157424.49
148478,1770,Bond,"Peters, Anderson and Wiggins Bond",242.28,912.01,1048.3,2020-01-28,253982.12
998652,5264,Stock,Allen Ltd Stock,432.1,72.24,84.8,2022-06-12,36642.08
402713,8356,Bond,James and Sons Bond,202.51,424.22,372.71,2020-01-25,75477.5
790265,9353,Bond,"Stephenson, Wilkinson and Pratt Bond",435.64,141.55,171.02,2022-09-15,74503.15
932551,9656,Stock,"Houston, Meadows and Hurst Stock",108.67,877.55,1081.65,2022-08-07,117542.91
657301,7159,Real Estate,Rogers-Lambert Real Estate,499.22,656.69,681.04,2020-06-13,339988.79
907276,2582,Bond,Holden Group Bond,93.37,926.36,1321.53,2023-03-09,123391.26
430646,9525,Stock,Vasquez-Reyes Stock,92.8,127.09,123.91,2022-10-10,11498.85
955385,3504,Real Estate,"Perez, Lopez and Leblanc Real Estate",142.68,661.88,545.82,2024-06-24,77877.6
499790,5968,Mutual Fund,Reid Ltd Mutual Fund,106.65,185.71,246.42,2019-11-13,26280.69
776791,3193,Stock,Jones-Fletcher Stock,204.4,603.17,567.26,2021-08-30,115947.94
313829,5007,Stock,Hampton LLC Stock,353.63,630.94,932.9,2020-11-22,329901.43
951575,4705,Mutual Fund,Griffin and Sons Mutual Fund,10.76,260.36,286.16,2023-12-16,3079.08
267642,4957,Bond,Rodgers Group Bond,315.47,212.67,262.79,2023-07-18,82902.36
334376,2823,Mutual Fund,"Garcia, Diaz and Lawrence Mutual Fund",243.56,173.88,252.47,2021-05-06,61491.59
285064,7582,Bond,Reeves-Scott Bond,244.3,588.78,847.41,2024-04-29,207022.26
382556,6536,Real Estate,Lee-Hanson Real Estate,60.9,172.04,174.24,2022-03-12,10611.22
642392,3617,Stock,"Williams, Morris and Murphy Stock",121.86,299.45,293.65,2021-12-17,35784.19
118711,7634,Stock,Ferrell and Sons Stock,446.49,676.83,1014.67,2023-04-14,453040.01
778124,8355,Stock,Gonzalez-Porter Stock,50.86,754.5,990.98,2024-03-05,50401.24
781399,9031,Mutual Fund,Peterson-Perkins Mutual Fund,152.38,659.38,829.6,2021-10-16,126414.45
943112,2363,Real Estate,Pena-Blake Real Estate,30.79,315.79,418.5,2023-05-06,12885.61
876347,7976,Real Estate,Brooks-Sullivan Real Estate,207.58,543.12,544.05,2024-09-05,112933.9
298775,4355,Stock,Hall Group Stock,116.19,674.44,678.16,2021-01-15,78795.41
973795,4007,Real Estate,Owens-Lewis Real Estate,379.99,689.41,973.67,2020-06-12,369984.86
479108,1763,Mutual Fund,"Clarke, Hoffman and Martinez Mutual Fund",386.61,352.54,361.62,2021-09-09,139805.91
762038,3617,Bond,"Glover, Lawson and Olson Bond",224.66,447.06,636.7,2024-03-08,143041.02
558475,9575,Bond,Sims Ltd Bond,104.77,367.11,467.98,2021-05-27,49030.26
780043,2304,Stock,"Russo, Savage and Murphy Stock",120.65,559.33,562.13,2020-08-31,67820.98
607334,4119,Real Estate,"Garcia, Mitchell and Andrews Real Estate",483.87,349.38,359.46,2020-06-24,173931.91
108076,2598,Bond,"Matthews, Bailey and Sellers Bond",116.46,248.03,251.94,2021-04-01,29340.93
663605,4321,Mutual Fund,Goodwin PLC Mutual Fund,152.11,822.58,773.6,2020-03-28,117672.3
578482,7234,Bond,"Wood, Preston and Torres Bond",221.57,547.81,522.88,2022-07-24,115854.52
145398,4355,Mutual Fund,Martin Ltd Mutual Fund,28.53,84.05,96.26,2020-01-30,2746.3
160826,3758,Mutual Fund,Johnson LLC Mutual Fund,312.01,336.17,418.05,2022-04-14,130435.78
847573,2131,Mutual Fund,Walker-Alexander Mutual Fund,465.78,99.37,109.55,2022-08-30,51026.2
688083,8032,Bond,Anderson-Wallace Bond,221.14,76.54,63.3,2020-12-01,13998.16
471160,5792,Real Estate,Nicholson Group Real Estate,247.62,870.15,1296.45,2019-10-09,321026.95
503124,7071,Bond,Pena and Sons Bond,200.68,673.74,587.65,2020-01-15,117929.6
408611,7270,Stock,"Lopez, Lopez and Ortega Stock",146.45,847.13,784.75,2024-05-05,114926.64
775873,4115,Stock,Lopez and Sons Stock,147.25,914.03,906.29,2023-06-26,133451.2
636058,2697,Real Estate,Vazquez-Herrera Real Estate,82.55,152.13,148.03,2020-01-11,12219.88
958491,5663,Mutual Fund,"Wilson, White and Austin Mutual Fund",452.81,315.97,292.89,2023-05-26,132623.52
504522,4430,Bond,Browning-Young Bond,488.7,835.61,920.46,2020-01-09,449828.8
341291,5663,Bond,Hoover Inc Bond,342.8,564.45,746.89,2022-09-26,256033.89
434204,4119,Stock,Baker-Johnson Stock,497.82,841.47,678.55,2023-04-18,337795.76
855501,8616,Mutual Fund,Acosta Group Mutual Fund,286.53,443.83,357.86,2022-10-25,102537.63
658301,4119,Bond,Jackson PLC Bond,213.54,511.8,752.74,2021-11-24,160740.1
732446,6655,Real Estate,Roberts Ltd Real Estate,187.42,56.96,76.43,2023-06-26,14324.51
718409,8313,Bond,"Hernandez, Ramos and Green Bond",135.87,646.16,914.09,2020-11-14,124197.41
155943,3302,Mutual Fund,Smith-Owens Mutual Fund,373.89,959.89,1019.0,2021-04-01,380993.91
499313,1784,Mutual Fund,Medina-Grant Mutual Fund,377.15,169.91,247.13,2023-05-21,93205.08
287684,1787,Mutual Fund,Ramirez LLC Mutual Fund,178.15,138.85,183.45,2021-10-12,32681.62
756164,3302,Real Estate,"Brady, Mason and Williams Real Estate",68.37,806.52,1060.62,2020-09-15,72514.59
267683,2678,Stock,Murray-Callahan Stock,335.27,180.12,205.48,2022-08-20,68891.28
697915,2720,Bond,David-Keith Bond,273.11,918.63,1141.2,2020-07-27,311673.13
157979,8368,Mutual Fund,Johnson-Cross Mutual Fund,326.78,728.92,729.46,2023-12-27,238372.94
970973,1845,Bond,"Stevens, Santiago and Horton Bond",120.73,424.31,514.77,2021-01-06,62148.18
898425,3862,Stock,"Perez, Maddox and Lewis Stock",456.22,517.53,478.44,2022-10-10,218273.9
257677,8975,Stock,Gross Group Stock,421.89,415.58,583.26,2023-07-02,246071.56
850473,1784,Real Estate,"Watson, Robinson and Garza Real Estate",90.3,418.2,346.79,2022-03-29,31315.14
259531,8550,Real Estate,Walker and Sons Real Estate,370.86,934.02,1399.08,2023-11-10,518862.81
788926,7976,Bond,Briggs-Hansen Bond,292.91,715.14,863.5,2023-06-16,252927.79
815329,8661,Mutual Fund,Smith-Jordan Mutual Fund,395.89,563.47,597.37,2022-09-13,236492.81
581191,7985,Mutual Fund,Hopkins-Rojas Mutual Fund,436.66,75.05,78.71,2024-08-20,34369.51
268901,9698,Bond,Johnson PLC Bond,11.48,274.07,222.67,2022-09-12,2556.25
926421,8353,Stock,"Wilson, Norton and Shepherd Stock",34.67,735.06,1026.95,2020-09-28,35604.36
155801,7756,Real Estate,"Cook, Ross and Peterson Real Estate",481.65,387.91,501.54,2023-12-24,241566.74
306815,5705,Mutual Fund,Flynn-Marshall Mutual Fund,405.91,224.24,235.03,2022-04-25,95401.03
732646,7234,Mutual Fund,"Velez, Dougherty and Fox Mutual Fund",495.4,780.24,1036.34,2022-07-21,513402.84
369844,2157,Stock,Sanchez-Moody Stock,352.34,934.1,934.92,2021-04-30,329409.71
446630,1138,Stock,Wilson Ltd Stock,211.74,322.24,298.93,2021-08-24,63295.44
784932,4862,Mutual Fund,Anderson-Wood Mutual Fund,440.72,178.07,197.76,2022-04-13,87156.79
188330,5264,Bond,"Villa, Robinson and Huff Bond",385.34,51.38,76.84,2020-07-09,29609.53
963162,8313,Real Estate,"Spence, Freeman and Ashley Real Estate",11.1,361.36,359.34,2022-03-15,3988.67
383387,2150,Bond,"Arnold, Davis and Lopez Bond",474.75,372.58,355.15,2022-08-18,168607.46
846437,1410,Real Estate,Baker Ltd Real Estate,440.68,346.9,446.82,2022-02-14,196904.64
826637,7159,Bond,Lawson-Garcia Bond,299.58,614.62,705.63,2021-11-28,211392.64
278568,4771,Stock,Powers LLC Stock,271.01,631.42,536.23,2023-12-16,145323.69
605137,2697,Stock,Wilson-Gardner Stock,305.89,393.64,399.2,2024-01-31,122111.29
854427,5631,Real Estate,Salazar and Sons Real Estate,174.67,278.18,258.85,2023-05-08,45213.33
993033,6218,Stock,"King, Bell and Molina Stock",213.91,93.16,117.62,2023-07-22,25160.09
591278,4157,Mutual Fund,Morgan-Fox Mutual Fund,270.55,269.55,255.71,2024-07-23,69182.34
943509,1719,Real Estate,Rivas Inc Real Estate,495.28,176.59,224.89,2020-10-04,111383.52
754456,8625,Bond,"Bartlett, Kane and Brown Bond",476.99,680.05,872.6,2024-09-01,416221.47
392738,4716,Stock,"Jones, Mathews and Carroll Stock",348.27,915.6,1042.1,2021-02-13,362932.17
652496,4957,Stock,Robertson-Fowler Stock,347.64,606.57,546.02,2024-01-09,189818.39
238629,5631,Real Estate,Wood-Flowers Real Estate,387.17,848.48,779.26,2021-11-01,301706.09
746021,9116,Real Estate,White-Jordan Real Estate,313.28,83.29,67.67,2021-03-11,21199.66
339741,7756,Mutual Fund,Harris-Gay Mutual Fund,265.55,403.99,469.44,2021-04-30,124659.79
715172,5227,Bond,Young-Sampson Bond,328.55,746.53,807.9,2022-04-19,265435.54
113427,4430,Real Estate,"Meza, Wheeler and Johnson Real Estate",271.48,913.5,1228.23,2022-03-13,333439.88
531338,2235,Bond,"Vega, Scott and Torres Bond",86.99,211.02,218.6,2022-04-08,19016.01
261218,9920,Mutual Fund,"Hartman, Jones and Reese Mutual Fund",244.77,224.06,188.25,2022-09-28,46077.95
985463,8625,Stock,Olson PLC Stock,311.79,510.78,525.86,2021-04-25,163957.89
315251,8032,Stock,Gallagher-Hall Stock,302.71,593.83,803.05,2021-10-06,243091.27
316821,1269,Real Estate,Brown-Chapman Real Estate,184.6,245.78,356.36,2023-05-07,65784.06
798386,5136,Mutual Fund,Lawson PLC Mutual Fund,145.25,106.38,111.32,2023-11-12,16169.23
720065,4321,Real Estate,Sanchez-Tucker Real Estate,297.09,159.14,194.47,2020-07-02,57775.09
500941,3877,Stock,Lee LLC Stock,169.64,763.44,1047.29,2021-06-10,177662.28
500054,1784,Real Estate,Carter PLC Real Estate,126.29,540.0,698.88,2021-08-13,88261.56
647790,7983,Mutual Fund,Bowen-Martinez Mutual Fund,485.24,262.57,211.42,2024-05-12,102589.44
584386,8002,Bond,Gonzalez-Douglas Bond,27.28,498.34,415.69,2024-09-13,11340.02
466007,7046,Real Estate,Mayo-Long Real Estate,301.74,456.29,677.04,2020-09-06,204290.05
833063,3258,Bond,Moore-Lucas Bond,262.04,614.11,503.78,2023-04-13,132010.51
426502,6297,Real Estate,"Shaw, Brown and Adams Real Estate",180.27,721.37,733.12,2024-03-13,132159.54
932513,1666,Stock,Austin Group Stock,409.83,966.67,1140.55,2022-01-10,467431.61
620012,3258,Bond,Ho Group Bond,166.21,643.9,693.97,2022-07-07,115344.75
643592,6750,Real Estate,Bass-Harper Real Estate,52.59,147.45,133.11,2020-12-04,7000.25
804317,4948,Mutual Fund,"Simmons, Frazier and Brown Mutual Fund",463.7,342.99,499.85,2024-04-24,231780.45
444407,2461,Real Estate,"Wilson, Montgomery and Hubbard Real Estate",118.76,632.06,749.94,2020-12-25,89062.87
372799,1410,Real Estate,"Shaw, Foster and Matthews Real Estate",410.89,753.98,882.59,2023-06-09,362647.41
348099,2055,Real Estate,"Solis, Davis and Miller Real Estate",208.54,221.7,299.89,2022-03-08,62539.06
136947,5318,Real Estate,"Cook, Davis and Leonard Real Estate",364.15,965.02,1147.69,2022-02-05,417931.31
978937,9920,Real Estate,Klein-Nolan Real Estate,416.68,868.97,1280.14,2024-02-12,533408.74
449474,9525,Bond,Davis-Hall Bond,388.71,440.36,358.26,2020-05-29,139259.24
306776,1719,Real Estate,Rogers PLC Real Estate,287.72,404.32,468.04,2022-11-12,134664.47
331534,2055,Real Estate,"Bates, Morris and Thomas Real Estate",247.35,509.11,435.92,2020-03-06,107824.81
320042,7234,Bond,Smith-White Bond,359.08,535.3,746.28,2021-07-15,267974.22
580904,8550,Mutual Fund,"Smith, Crawford and Reed Mutual Fund",251.21,798.33,825.18,2022-09-17,207293.47
408985,7581,Bond,Koch-Hernandez Bond,388.48,786.34,734.52,2021-11-14,285346.33
720122,3112,Bond,Moreno Group Bond,217.85,71.92,76.12,2022-12-19,16582.74
650210,8625,Mutual Fund,"Santos, Garcia and Horne Mutual Fund",335.84,545.17,768.23,2021-01-23,258002.36
715103,7983,Bond,Blake-Shepard Bond,493.03,391.37,409.74,2022-10-21,202014.11
350691,5541,Mutual Fund,Williams-Marquez Mutual Fund,299.51,584.38,578.32,2022-05-10,173212.62
344686,2304,Real Estate,Moore PLC Real Estate,58.62,584.67,554.76,2020-12-06,32520.03
995697,9566,Stock,"Mccall, Freeman and Brown Stock",85.76,253.22,326.08,2020-12-03,27964.62
172935,5264,Stock,Randall-Clark Stock,397.79,764.4,825.72,2024-08-09,328463.16
574478,8616,Mutual Fund,Sellers LLC Mutual Fund,274.79,90.77,115.0,2022-05-15,31600.85
915990,8582,Real Estate,"Rowland, Bartlett and Cook Real Estate",454.71,941.59,1180.7,2021-05-05,536876.1
772588,6906,Bond,Morrison Ltd Bond,271.58,623.53,678.59,2022-04-17,184291.47
925820,1858,Real Estate,"Moore, Fuller and Rubio Real Estate",106.75,794.24,958.09,2020-07-30,102276.11
779495,3758,Bond,Fisher-Jones Bond,418.37,919.23,998.35,2024-02-25,417679.69
405610,5559,Stock,Nguyen-Taylor Stock,112.74,677.62,737.9,2023-10-23,83190.85
183201,2157,Real Estate,Smith-Johnston Real Estate,258.19,794.95,1192.4,2019-11-13,307865.76
508382,2150,Real Estate,Simmons-Anderson Real Estate,16.93,674.89,707.2,2021-07-23,11972.9
546669,3558,Stock,"Hawkins, Murphy and Williams Stock",460.28,222.42,211.65,2020-04-14,97418.26
318491,3258,Bond,"Lynch, Thompson and Mcdonald Bond",145.44,586.88,535.21,2022-10-14,77840.94
107922,1138,Bond,Campbell Ltd Bond,308.42,492.04,709.25,2023-07-04,218746.89
941893,7858,Real Estate,"Anderson, Marsh and Cline Real Estate",93.27,339.87,503.13,2023-05-30,46926.94
443161,6369,Stock,"Castillo, Jones and Johnson Stock",51.63,78.17,102.62,2022-04-01,5298.27
211353,2363,Mutual Fund,Chen LLC Mutual Fund,319.59,242.86,260.27,2020-08-30,83179.69
466440,8156,Mutual Fund,Carroll LLC Mutual Fund,37.52,936.93,967.8,2022-05-23,36311.86
421105,9566,Real Estate,Farrell PLC Real Estate,276.64,723.12,700.88,2022-04-03,193891.44
218053,3862,Stock,Oneill Group Stock,32.26,404.24,380.45,2020-12-02,12273.32
568807,5968,Real Estate,Williams-Smith Real Estate,165.5,952.65,1256.87,2023-12-07,208011.98
436192,5110,Stock,"Davis, Johns and Kennedy Stock",235.04,874.42,699.54,2020-09-05,164419.88
782936,9063,Real Estate,Flores Group Real Estate,334.29,939.57,1113.48,2020-11-28,372225.23
407571,6444,Bond,"Reyes, Austin and Lopez Bond",213.87,695.5,576.86,2021-01-19,123373.05
421088,5646,Real Estate,"Austin, Murray and Cline Real Estate",212.38,81.55,114.7,2019-12-31,24359.99
235580,4007,Real Estate,Vazquez Inc Real Estate,386.02,467.5,434.6,2022-05-13,167764.29
407642,9566,Stock,"Shepherd, Fletcher and Abbott Stock",169.58,388.95,366.51,2021-09-14,62152.77
976756,2696,Stock,Burke-Franklin Stock,349.47,503.69,607.15,2021-03-19,212180.71
277041,7265,Mutual Fund,"Richardson, Stewart and Jones Mutual Fund",476.26,74.29,93.49,2021-10-28,44525.55
729065,2525,Mutual Fund,"Serrano, Fitzgerald and Kennedy Mutual Fund",54.14,699.08,1013.6,2021-01-10,54876.3
570265,1405,Mutual Fund,Park LLC Mutual Fund,64.89,981.16,1338.24,2023-02-19,86838.39
447715,8977,Mutual Fund,Cox Ltd Mutual Fund,499.77,629.24,631.09,2021-02-01,315399.85
877646,1471,Stock,Walton-Anderson Stock,176.21,743.78,1049.63,2023-05-09,184955.3
894585,3877,Real Estate,Brown Group Real Estate,235.55,65.62,91.62,2020-11-10,21581.09
841231,1719,Stock,"Nelson, Bates and Lowe Stock",352.64,466.69,664.78,2022-08-05,234428.02
783647,2235,Mutual Fund,"Byrd, Jones and Floyd Mutual Fund",376.15,149.55,165.94,2022-04-07,62418.33
801019,8661,Bond,"Mccoy, Hill and Norman Bond",335.25,984.79,1173.0,2019-11-20,393248.25
115793,7858,Stock,Thomas PLC Stock,99.34,727.18,864.29,2024-09-01,85858.57
174492,2525,Bond,"Cruz, Brooks and Blake Bond",309.79,993.65,1330.52,2021-01-31,412181.79
806818,7948,Real Estate,Cervantes LLC Real Estate,174.96,509.23,552.2,2021-08-01,96612.91
563180,9566,Stock,Howell and Sons Stock,76.48,347.47,511.59,2022-12-10,39126.4
503399,9525,Mutual Fund,Perez-Smith Mutual Fund,269.35,315.12,338.95,2020-10-15,91296.18
113620,6810,Bond,"Diaz, Hess and Osborne Bond",133.79,659.68,853.21,2021-03-22,114150.97
948000,4566,Bond,Day LLC Bond,27.34,367.0,332.5,2020-10-10,9090.55
676880,2304,Mutual Fund,"Garcia, Newton and King Mutual Fund",367.19,829.85,1021.55,2023-09-06,375102.94
153047,4351,Stock,Hull Ltd Stock,87.26,838.26,1044.94,2021-11-10,91181.46
859886,1029,Stock,Miller-Short Stock,175.73,149.52,215.85,2022-07-19,37931.32
805205,1405,Stock,Johnson-Holmes Stock,90.52,702.04,747.94,2021-08-31,67703.53
800693,5108,Bond,Edwards-Padilla Bond,431.87,540.54,678.05,2020-04-12,292829.45
533540,1770,Mutual Fund,Peters Group Mutual Fund,262.97,894.92,1208.56,2020-10-31,317815.02
901192,4007,Stock,Miller Ltd Stock,197.57,678.72,840.66,2022-03-15,166089.2
965233,8156,Mutual Fund,Harris-Murphy Mutual Fund,213.97,344.74,469.42,2021-09-11,100441.8
404680,2159,Stock,"Whitaker, Boone and Medina Stock",219.45,495.82,456.46,2021-06-29,100170.15
512602,4862,Stock,"Lara, Pittman and Church Stock",407.69,255.41,320.83,2021-08-01,130799.18
480237,9044,Bond,Dougherty-Shaw Bond,367.01,950.69,1221.29,2024-05-05,448225.64
539073,6444,Bond,"Brooks, White and Martin Bond",422.0,751.1,827.38,2019-10-21,349154.36
304365,2525,Real Estate,Williams LLC Real Estate,161.64,809.67,893.42,2022-06-23,144412.41
364543,8616,Bond,Anderson-Compton Bond,376.82,529.63,549.0,2022-08-11,206874.18
852606,1726,Mutual Fund,Melendez-Griffin Mutual Fund,307.62,209.8,268.72,2023-01-12,82663.65
952123,9866,Stock,Alexander-Hall Stock,276.19,659.19,929.09,2023-04-24,256605.37
952464,4993,Real Estate,"Berger, Fernandez and Bishop Real Estate",186.95,116.94,105.93,2020-08-02,19803.61
734707,8069,Mutual Fund,Alvarez-Soto Mutual Fund,453.95,944.08,1008.1,2023-02-27,457626.99
954089,5158,Bond,"Newman, Hobbs and Graves Bond",193.38,342.83,379.28,2022-11-17,73345.17
683598,5108,Mutual Fund,"Rivera, Hayes and Hurley Mutual Fund",336.76,358.72,457.72,2020-01-06,154141.79
967005,4948,Mutual Fund,"Calhoun, Mayo and Williams Mutual Fund",278.98,454.74,469.08,2024-04-07,130863.94
739014,7691,Bond,Evans-Robertson Bond,318.98,200.82,267.34,2019-10-14,85276.11
840851,7858,Bond,Brown-Perez Bond,327.23,620.95,850.84,2022-09-12,278420.37
554369,1204,Bond,Preston-Williams Bond,492.11,661.14,582.16,2020-03-16,286486.76
389152,9044,Stock,Buck and Sons Stock,17.68,341.66,496.93,2020-07-14,8785.72
418680,3938,Bond,"Johnson, Boone and Rose Bond",297.4,983.59,927.02,2024-01-20,275695.75
680593,6297,Real Estate,Gallagher LLC Real Estate,65.93,352.6,496.06,2020-03-19,32705.24
675324,2582,Real Estate,Hensley-Mccall Real Estate,175.12,989.63,1024.69,2021-11-20,179443.71
368935,2055,Bond,"Marshall, Allison and Stanley Bond",217.99,170.32,211.63,2020-09-14,46133.22
854599,7747,Mutual Fund,Allen Inc Mutual Fund,152.31,89.47,76.7,2021-02-03,11682.18
892150,2142,Mutual Fund,Mcdaniel PLC Mutual Fund,466.47,875.0,1258.81,2020-05-23,587197.1
770001,4877,Bond,Nelson Inc Bond,466.65,347.87,320.23,2021-09-15,149435.33
788919,9427,Bond,White LLC Bond,376.6,307.83,411.86,2021-03-08,155106.48
316676,5431,Bond,Mills-Rangel Bond,31.92,869.77,841.8,2020-01-27,26870.26
458994,6258,Bond,Johnson Ltd Bond,220.84,79.25,98.91,2022-08-12,21843.28
298290,9236,Real Estate,"Jones, Brown and Flores Real Estate",34.49,190.83,186.4,2022-01-28,6428.94
706713,2448,Mutual Fund,"Bell, Clayton and Smith Mutual Fund",195.36,706.77,770.44,2022-07-18,150513.16
823041,7756,Bond,Wilson LLC Bond,256.76,805.25,810.42,2022-06-15,208083.44
959490,4993,Bond,"Rodriguez, Wood and Turner Bond",162.62,599.91,882.42,2021-05-05,143499.14
553694,4705,Mutual Fund,"Palmer, Sanders and Brewer Mutual Fund",40.09,536.92,482.38,2021-05-12,19338.61
613025,5541,Stock,Thompson PLC Stock,85.72,575.41,533.7,2021-06-29,45748.76
869212,5227,Bond,Aguirre Ltd Bond,41.7,314.2,461.39,2022-11-14,19239.96
902069,6906,Mutual Fund,Johnson-Frank Mutual Fund,319.66,87.34,123.79,2020-09-08,39570.71
807529,8977,Bond,Williams and Sons Bond,288.55,946.59,1127.53,2020-10-10,325348.78
710520,8907,Stock,"Williams, Arnold and Chapman Stock",343.39,124.03,147.78,2024-06-22,50746.17
864739,1405,Mutual Fund,Johnson-Brown Mutual Fund,33.21,241.62,335.71,2023-04-11,11148.93
226786,9015,Bond,Werner-Turner Bond,205.74,812.67,1107.92,2022-04-11,227943.46
149600,1471,Stock,Navarro Inc Stock,481.24,650.07,768.22,2020-02-05,369698.19
594193,2079,Real Estate,Mccall Ltd Real Estate,54.47,820.16,813.18,2024-07-23,44293.91
854729,6906,Mutual Fund,Chapman-Campbell Mutual Fund,115.51,307.59,283.77,2023-06-16,32778.27
241455,1410,Mutual Fund,Costa-Blanchard Mutual Fund,47.11,633.48,661.45,2022-11-19,31160.91
936484,2157,Bond,Gonzalez PLC Bond,349.6,90.7,123.42,2021-05-14,43147.63
772937,3504,Mutual Fund,James Ltd Mutual Fund,34.21,877.2,1252.74,2023-06-09,42856.24
899671,8975,Stock,Brooks Ltd Stock,100.96,804.9,861.03,2024-02-02,86929.59
623261,9751,Stock,Walker-Baker Stock,450.01,686.66,631.21,2022-01-22,284050.81
556801,7270,Stock,Jackson-Freeman Stock,46.86,587.97,639.93,2021-09-11,29987.12
751830,2235,Mutual Fund,Hernandez-Kim Mutual Fund,84.18,74.22,93.03,2023-04-11,7831.27
267411,2235,Real Estate,Berger PLC Real Estate,39.06,249.0,273.97,2020-01-24,10701.27
345817,1784,Bond,Brown Ltd Bond,223.88,684.19,749.35,2020-01-06,167764.48
587164,4705,Bond,"Taylor, Best and Adams Bond",214.92,218.4,282.65,2021-07-19,60747.14
180202,6906,Mutual Fund,French-Garrison Mutual Fund,276.38,636.79,837.53,2021-04-16,231476.54
341351,8032,Bond,Ibarra-Miranda Bond,156.73,798.77,813.46,2019-12-13,127493.59
730349,4705,Mutual Fund,Franklin-Chavez Mutual Fund,468.42,405.33,360.32,2019-10-06,168781.09
765173,8996,Real Estate,"Brown, Jensen and Contreras Real Estate",72.36,288.82,363.0,2024-05-24,26266.68
955162,3617,Stock,Zuniga-Cowan Stock,185.29,141.56,127.21,2022-11-17,23570.74
598639,8996,Stock,Evans Inc Stock,433.58,485.74,430.4,2024-04-06,186612.83
820615,3258,Bond,"Wallace, Pennington and Cooke Bond",17.52,69.99,96.66,2021-01-16,1693.48
948403,8853,Stock,Price-Mcdonald Stock,73.49,305.89,361.96,2023-06-19,26600.44
866868,5264,Stock,Golden Ltd Stock,167.48,647.73,820.13,2021-01-11,137355.37
865794,8280,Real Estate,Hall PLC Real Estate,439.65,51.0,43.04,2022-08-04,18922.54
400584,2439,Real Estate,Crawford LLC Real Estate,74.87,64.67,91.26,2023-03-01,6832.64
546773,7581,Real Estate,Morales-Rosales Real Estate,394.58,765.91,1006.25,2023-12-19,397046.12
928989,4877,Bond,"Mueller, Carter and Ruiz Bond",98.95,694.07,720.99,2021-05-24,71341.96
907802,7581,Mutual Fund,Matthews-Tran Mutual Fund,15.33,215.48,291.62,2022-09-27,4470.53
833636,2439,Bond,Khan Inc Bond,452.31,183.8,212.0,2019-12-30,95889.72
189507,7976,Bond,Atkinson PLC Bond,205.01,210.02,195.32,2021-09-15,40042.55
933175,3938,Mutual Fund,Greene Inc Mutual Fund,115.1,983.25,1371.52,2023-05-28,157861.95
320529,4877,Bond,"Haas, Patel and Schmitt Bond",410.91,575.86,690.27,2021-09-19,283638.85
509512,2382,Real Estate,Richards-Villarreal Real Estate,392.38,165.48,143.43,2022-06-23,56279.06
115093,6416,Mutual Fund,Moore-Smith Mutual Fund,81.79,140.39,185.6,2022-07-22,15180.22
547456,9733,Stock,"Mueller, Irwin and Mays Stock",406.67,353.07,446.15,2020-11-24,181435.82
543841,1558,Bond,Bailey-Rodriguez Bond,201.99,491.95,721.37,2020-06-13,145709.53
250518,4566,Bond,Evans and Sons Bond,338.31,471.32,637.15,2020-03-08,215554.22
165828,7948,Real Estate,Washington Ltd Real Estate,482.5,505.97,497.75,2020-12-10,240164.38
515878,7046,Mutual Fund,Wilcox Ltd Mutual Fund,244.38,948.54,976.55,2021-05-01,238649.29
481603,6297,Mutual Fund,Combs-Dunn Mutual Fund,123.99,897.28,1242.64,2024-03-15,154074.93
794472,2678,Stock,Thompson Group Stock,67.91,953.09,777.74,2024-09-24,52816.32
275685,1845,Bond,Martin-Jimenez Bond,222.56,941.28,1236.66,2021-05-16,275231.05
887828,7071,Stock,Bryant-Dodson Stock,382.1,477.12,526.73,2021-11-10,201263.53
500327,4919,Bond,Carr-Fletcher Bond,482.63,149.28,205.81,2022-06-03,99330.08
104248,8996,Stock,"Wright, Hoffman and Riley Stock",289.96,260.82,274.27,2021-08-26,79527.33
716510,8313,Real Estate,"Clark, Le and Smith Real Estate",111.6,917.61,861.56,2022-08-04,96150.1
781715,4862,Bond,Porter-Morgan Bond,136.32,585.5,541.35,2020-12-30,73796.83
623597,4700,Stock,"Anderson, Johnson and Waters Stock",61.56,559.66,791.96,2022-01-12,48753.06
366483,5227,Stock,"Wright, Payne and Stone Stock",442.55,381.75,400.37,2020-03-05,177183.74
120798,3725,Mutual Fund,"Barker, Simpson and Mccall Mutual Fund",239.87,839.03,888.04,2023-02-24,213014.15
983960,7172,Mutual Fund,"Dalton, Martin and Barnes Mutual Fund",236.94,105.96,142.24,2024-07-20,33702.35
375765,1845,Stock,"Mills, Miller and Meyer Stock",487.86,166.27,150.49,2020-12-04,73418.05
964901,2582,Stock,Dixon Inc Stock,425.56,947.45,1147.74,2024-01-03,488432.23
797493,2582,Bond,Stuart-Trujillo Bond,51.09,147.92,143.36,2024-08-05,7324.26
273739,1719,Stock,Hernandez Inc Stock,292.32,232.91,290.36,2023-11-16,84878.04
950677,5968,Stock,"Harding, Black and Moore Stock",253.4,626.73,865.08,2021-11-07,219211.27
184580,7270,Stock,"Butler, Brady and Perkins Stock",333.39,766.71,1114.63,2021-07-05,371606.5
520373,8977,Real Estate,Hart and Sons Real Estate,131.35,374.67,562.0,2020-01-10,73818.7
967261,2159,Stock,Burton and Sons Stock,206.71,149.12,125.99,2019-12-19,26043.39
716822,7159,Real Estate,Scott PLC Real Estate,444.76,69.24,72.55,2020-10-04,32267.34
645488,5007,Real Estate,Andrews-Cordova Real Estate,238.23,923.56,892.86,2024-06-09,212706.04
203322,3862,Stock,Mcgee PLC Stock,269.35,585.39,834.49,2021-05-27,224769.88
467319,7983,Real Estate,Boyd LLC Real Estate,37.49,71.24,82.38,2022-05-20,3088.43
821040,4007,Stock,Fox and Sons Stock,87.23,362.65,478.19,2021-03-30,41712.51
688592,5108,Real Estate,Johnson-Hughes Real Estate,123.11,960.54,1320.67,2019-10-01,162587.68
629230,1471,Real Estate,"Gonzalez, Nguyen and Levy Real Estate",231.03,775.71,1068.32,2021-11-29,246813.97
421353,9031,Stock,"Evans, Zuniga and Stafford Stock",265.03,272.21,356.69,2021-02-03,94533.55
600571,3758,Stock,"Sanchez, Gardner and Ramirez Stock",227.91,644.5,535.8,2024-04-05,122114.18
326281,7159,Mutual Fund,Allen-Mitchell Mutual Fund,78.25,816.29,780.73,2020-01-05,61092.12
780414,5646,Bond,Curtis Ltd Bond,220.45,744.06,1046.75,2024-08-01,230756.04
960394,6655,Real Estate,Pena LLC Real Estate,132.57,210.57,281.22,2024-02-16,37281.34
823821,1784,Real Estate,"Davidson, Murphy and Johnson Real Estate",15.78,492.17,482.87,2019-11-27,7619.69
340883,4877,Bond,Hunt Inc Bond,266.24,602.86,629.48,2022-05-05,167592.76
813394,5431,Real Estate,"Stone, Mckay and Roberts Real Estate",410.61,762.3,1072.4,2020-01-19,440338.16
329121,9834,Real Estate,"Watts, Buckley and Hamilton Real Estate",101.6,524.12,496.44,2020-08-30,50438.3
693095,6258,Stock,"Stevens, Cummings and Carroll Stock",297.17,770.47,934.03,2020-09-18,277565.7
374110,2823,Real Estate,Brown Group Real Estate,293.0,69.36,60.74,2021-12-17,17796.82
347143,3109,Bond,Robbins Ltd Bond,77.95,879.75,1185.92,2020-11-20,92442.46
944590,6590,Mutual Fund,Gross-Salinas Mutual Fund,45.7,119.15,131.71,2024-01-10,6019.15
549834,2363,Mutual Fund,Woods-Medina Mutual Fund,481.03,512.37,671.88,2022-05-30,323194.44
358734,8355,Stock,"Hull, Clark and Mata Stock",299.9,773.99,953.11,2020-02-08,285837.69
724016,2079,Real Estate,Wheeler-Wagner Real Estate,36.62,327.64,265.33,2024-06-15,9716.38
526883,3938,Mutual Fund,"Lang, Castillo and Smith Mutual Fund",114.34,561.43,814.63,2022-09-27,93144.79
174521,8582,Mutual Fund,"Reynolds, Brown and Powers Mutual Fund",115.75,848.05,785.83,2022-01-17,90959.82
819975,6218,Bond,"James, Elliott and Andrews Bond",443.65,64.72,73.24,2022-12-05,32492.93
137827,5318,Stock,Gutierrez-Stanley Stock,271.76,942.42,1226.5,2023-04-07,333313.64
301952,7985,Mutual Fund,Hodges and Sons Mutual Fund,155.06,709.44,979.59,2024-02-22,151895.23
641990,5646,Stock,Garcia LLC Stock,185.5,258.45,307.51,2020-08-26,57043.1
260590,3302,Bond,Rhodes-Hancock Bond,89.84,251.49,346.08,2023-01-23,31091.83
475545,9031,Bond,Jones Group Bond,195.67,534.12,455.01,2024-06-10,89031.81
973528,7270,Mutual Fund,Odonnell-Ford Mutual Fund,131.23,898.64,986.87,2023-09-02,129506.95
322432,9044,Real Estate,"Montoya, Goodwin and Chambers Real Estate",458.16,784.13,748.8,2023-11-12,343070.21
175945,5705,Mutual Fund,"Brown, Mckenzie and Zamora Mutual Fund",282.19,564.91,551.67,2024-04-04,155675.76
279265,5431,Stock,Tran Ltd Stock,276.05,417.75,486.96,2023-03-24,134425.31
540592,2079,Mutual Fund,Cabrera-Lopez Mutual Fund,181.64,387.05,438.47,2020-07-02,79643.69
408297,6937,Stock,Wiggins-Henderson Stock,92.15,145.52,163.88,2021-01-18,15101.54
517790,1845,Stock,Jones Ltd Stock,184.57,162.04,188.31,2022-02-28,34756.38
399941,1204,Bond,Beck Ltd Bond,249.13,943.49,913.75,2023-03-26,227642.54
549523,3617,Stock,Beck and Sons Stock,241.83,147.58,160.94,2022-01-11,38920.12
575662,7172,Real Estate,"Hebert, Cordova and Blake Real Estate",112.36,144.96,168.5,2024-06-13,18932.66
630989,9757,Stock,Beck and Sons Stock,124.68,903.55,1253.8,2023-09-05,156323.78
888887,5007,Bond,Shaw Inc Bond,469.79,885.41,1012.24,2024-01-02,475540.23
465367,9525,Bond,Lee-Mccarthy Bond,370.23,832.37,908.58,2020-04-03,336383.57
669596,4430,Stock,Skinner Inc Stock,262.63,549.98,641.08,2021-07-26,168366.84
387696,7270,Mutual Fund,"Schultz, Vega and Kramer Mutual Fund",265.3,147.9,165.78,2023-09-08,43981.43
750270,4355,Real Estate,"Jones, Greene and Brown Real Estate",451.05,719.11,1071.39,2021-01-25,483250.46
231524,2235,Mutual Fund,"Williams, Baker and Byrd Mutual Fund",429.63,741.13,604.53,2020-06-11,259724.22
308153,7071,Stock,"Rogers, Adams and Mills Stock",485.4,813.06,1061.21,2023-12-22,515111.33
829976,4566,Bond,Smith Inc Bond,187.7,695.14,958.95,2020-09-11,179994.92
808848,8280,Bond,Estes PLC Bond,275.58,949.51,1117.99,2019-10-19,308095.68
364355,1666,Mutual Fund,Walters-Williams Mutual Fund,393.74,748.11,691.44,2023-05-19,272247.59
590951,8661,Mutual Fund,Johnson Inc Mutual Fund,237.36,175.53,191.0,2022-11-23,45335.76
930972,4119,Real Estate,"Baker, Ramirez and Steele Real Estate",106.11,973.93,1228.02,2020-06-19,130305.2
121105,5431,Bond,Randall-White Bond,372.78,576.42,603.08,2022-02-10,224816.16
624641,5631,Bond,Velez Group Bond,141.17,319.39,297.07,2023-11-15,41937.37
920724,5968,Bond,Singleton-Garrison Bond,55.8,273.36,285.35,2023-01-06,15922.53
399131,1787,Mutual Fund,Chapman-Murphy Mutual Fund,164.89,93.12,96.21,2024-05-28,15864.07
504133,2697,Mutual Fund,Smith-Gonzalez Mutual Fund,211.7,600.39,481.69,2023-02-07,101973.77
322211,2696,Mutual Fund,"Peterson, Hopkins and Gardner Mutual Fund",281.58,466.0,455.58,2022-03-10,128282.22
390619,7756,Mutual Fund,Black-Howard Mutual Fund,265.02,516.61,507.34,2024-06-04,134455.25
907771,1845,Stock,Stone-David Stock,42.4,274.79,266.18,2023-02-06,11286.03
776735,8996,Stock,Fisher Ltd Stock,324.1,308.89,383.52,2023-05-06,124298.83
366789,4566,Bond,"Taylor, Rose and Marshall Bond",142.79,490.11,730.93,2023-04-03,104369.49
453155,1845,Real Estate,Hernandez-Murray Real Estate,462.37,426.15,364.47,2019-11-15,168519.99
482366,7581,Bond,Montoya-Morrison Bond,303.13,990.41,966.19,2019-12-06,292881.17
236846,7027,Mutual Fund,Christensen-Williams Mutual Fund,101.52,836.05,803.36,2021-08-14,81557.11
131549,2474,Stock,Foster Inc Stock,21.71,639.58,747.58,2020-07-05,16229.96
521292,6536,Bond,"Clark, Mcguire and Gray Bond",455.26,252.52,216.8,2022-03-07,98700.37
708531,3574,Bond,"Hall, Hammond and Mendoza Bond",110.48,408.34,429.43,2021-01-17,47443.43
555646,6369,Bond,Evans-Lee Bond,439.29,533.14,508.94,2021-10-18,223572.25
629193,7948,Stock,Garcia-Adams Stock,137.63,907.73,768.78,2021-03-17,105807.19
698426,6810,Stock,"Velez, Rodriguez and Smith Stock",115.16,353.32,529.2,2021-04-22,60942.67
426009,5646,Stock,Clark LLC Stock,176.55,136.74,149.27,2024-06-18,26353.62
210303,5792,Bond,"Walters, Martinez and Wells Bond",112.68,742.86,860.33,2021-04-21,96941.98
330536,6297,Real Estate,"Johnson, Tran and Parker Real Estate",478.83,843.42,1133.29,2021-06-24,542653.25
860545,7027,Stock,King-Stewart Stock,430.78,728.49,683.66,2022-08-22,294507.05
590731,1845,Stock,Adams-Joyce Stock,353.4,565.59,673.22,2023-04-01,237915.95
824252,7976,Mutual Fund,Wells LLC Mutual Fund,471.9,152.7,220.61,2020-11-27,104105.86
780697,7270,Real Estate,"Holmes, Larsen and Vasquez Real Estate",41.75,578.03,718.31,2024-08-17,29989.44
562233,6750,Mutual Fund,Hopkins-Sweeney Mutual Fund,77.42,240.3,208.65,2023-04-24,16153.68
448965,1787,Bond,Baker Inc Bond,281.2,898.89,1325.73,2024-01-26,372795.28
549465,2382,Stock,"Clark, Smith and Mcguire Stock",132.02,308.56,327.03,2021-08-07,43174.5
381811,1483,Mutual Fund,Gomez-Delgado Mutual Fund,257.27,177.64,147.14,2023-08-04,37854.71
796012,2678,Stock,"Green, Shaw and Sandoval Stock",96.31,836.11,765.71,2023-12-22,73745.53
380991,6590,Stock,"Day, Lee and Riley Stock",35.47,627.18,666.83,2024-07-26,23652.46
633869,9656,Stock,Hall-Long Stock,186.3,831.28,971.49,2020-09-09,180988.59
650004,5541,Stock,"Johnson, Flores and James Stock",190.56,872.85,706.2,2024-02-21,134573.47
572794,4430,Mutual Fund,Mills PLC Mutual Fund,485.5,881.38,852.25,2020-02-13,413767.38
161459,9525,Real Estate,"Stephenson, Dawson and Meyers Real Estate",87.4,261.68,323.14,2024-05-12,28242.44
229542,1204,Bond,Baker PLC Bond,201.77,808.96,1026.19,2020-12-27,207054.36
689361,6590,Real Estate,Clark PLC Real Estate,472.62,698.47,900.17,2020-10-09,425438.35
987348,5705,Mutual Fund,Gibson Ltd Mutual Fund,399.84,989.71,1100.64,2021-12-01,440079.9
625979,8313,Mutual Fund,"Miller, Riley and Garcia Mutual Fund",157.5,914.44,765.67,2023-08-10,120593.02
801082,1269,Mutual Fund,Brown-Gomez Mutual Fund,164.79,527.99,588.98,2022-12-31,97058.01
151309,9751,Bond,"Johnson, Brown and Richard Bond",155.64,303.81,443.2,2023-04-08,68979.65
704747,3558,Real Estate,"Day, Hall and Walsh Real Estate",187.22,352.57,362.69,2023-10-17,67902.82
208598,7654,Real Estate,Hall-Frank Real Estate,221.98,636.24,772.51,2020-05-05,171481.77
892167,4771,Real Estate,"Townsend, York and Rodriguez Real Estate",122.19,789.02,1130.07,2020-03-09,138083.25
226126,9866,Real Estate,Henry Ltd Real Estate,319.39,930.56,1021.4,2022-09-06,326224.95
393843,9698,Mutual Fund,Rowe-Fischer Mutual Fund,83.48,96.62,101.34,2022-01-21,8459.86
497492,4993,Mutual Fund,Middleton LLC Mutual Fund,33.32,636.24,680.98,2020-11-18,22690.25
334610,8156,Mutual Fund,Lewis Group Mutual Fund,58.99,877.11,1291.55,2023-04-18,76188.53
949097,1138,Stock,Smith-Washington Stock,123.35,95.95,113.13,2022-07-28,13954.59
179755,7071,Mutual Fund,Zhang and Sons Mutual Fund,390.69,917.72,1185.17,2020-01-24,463034.07
254384,7046,Bond,"Reed, Copeland and Haley Bond",206.33,313.2,310.88,2019-12-26,64143.87
736929,8975,Bond,"Cruz, Jones and Owens Bond",458.65,377.66,342.86,2024-02-21,157252.74
335460,7265,Stock,Kelly Inc Stock,16.31,300.6,393.81,2023-09-15,6423.04
224404,1932,Stock,Bowen-Daniels Stock,55.91,183.46,245.38,2023-09-15,13719.2
985306,3120,Bond,Mueller-Butler Bond,247.65,579.09,834.62,2024-06-06,206693.64
497506,8355,Bond,Kent and Sons Bond,442.41,973.62,1414.23,2021-10-19,625669.49
213747,5933,Stock,Golden Group Stock,455.45,907.68,1172.72,2023-07-13,534115.32
235649,5158,Bond,Turner-Young Bond,310.16,469.83,634.91,2019-11-21,196923.69
145027,7258,Real Estate,Kennedy Group Real Estate,287.6,90.08,118.17,2022-10-19,33985.69
414422,7027,Bond,"Smith, Mcclain and Bradshaw Bond",460.34,623.82,632.63,2023-05-15,291224.89
265328,8661,Mutual Fund,Simpson-Reese Mutual Fund,10.44,608.03,668.69,2021-01-29,6981.12
142040,2363,Mutual Fund,Carter Ltd Mutual Fund,390.35,443.66,530.41,2019-10-01,207045.54
151314,9733,Real Estate,"Barnes, Gray and Allen Real Estate",179.98,640.97,619.32,2021-09-29,111465.21
663335,5559,Mutual Fund,"Richard, Jacobs and Day Mutual Fund",336.69,908.6,822.29,2023-04-20,276856.82
756622,1471,Bond,Cox-Carey Bond,336.68,940.93,1241.69,2020-04-08,418052.19
238490,7049,Real Estate,Jefferson LLC Real Estate,287.76,942.79,938.89,2024-08-21,270174.99
916739,8996,Stock,Johnson LLC Stock,491.14,781.02,727.64,2020-02-16,357373.11
951606,3758,Mutual Fund,Booth-Brandt Mutual Fund,144.31,375.4,459.33,2024-07-02,66285.91
559938,9031,Mutual Fund,"Smith, Davis and Hendricks Mutual Fund",112.28,775.14,792.77,2024-03-21,89012.22
800005,9920,Mutual Fund,Koch Group Mutual Fund,448.31,341.63,413.97,2023-03-01,185586.89
929627,9063,Real Estate,Rodriguez Ltd Real Estate,66.36,622.6,919.78,2019-10-07,61036.6
274711,4716,Real Estate,Davila-Keith Real Estate,474.03,287.93,377.89,2019-12-09,179131.2
808146,9751,Bond,"Fitzpatrick, Jensen and Payne Bond",28.18,974.95,1233.37,2020-12-22,34756.37
327515,2183,Mutual Fund,Pham-Miller Mutual Fund,81.83,53.94,56.08,2021-12-09,4589.03
873685,1845,Real Estate,"Williamson, Brandt and Brooks Real Estate",429.35,399.79,377.17,2022-07-06,161937.94
323984,2304,Bond,Miller-Carroll Bond,405.73,813.54,766.49,2023-04-09,310987.99
532429,4700,Bond,Snyder-Swanson Bond,351.97,141.73,178.07,2022-10-11,62675.3
481213,3300,Stock,Best Group Stock,322.34,250.15,297.28,2019-12-27,95825.24
214408,2079,Mutual Fund,"Holmes, Wyatt and Keller Mutual Fund",11.54,899.95,1059.09,2023-09-27,12221.9
233993,2448,Stock,"Wolf, Clark and Russo Stock",164.63,892.48,1284.97,2022-06-25,211544.61
623547,1204,Mutual Fund,"Mack, Morgan and Johnson Mutual Fund",79.81,610.51,671.17,2020-09-28,53566.08
326280,5044,Bond,"Evans, Garcia and Gardner Bond",46.93,275.1,227.05,2020-08-30,10655.46
158961,8156,Mutual Fund,"Wilson, Johnson and Simon Mutual Fund",471.65,984.13,1108.46,2021-10-14,522805.16
793514,9983,Real Estate,Reed-Hale Real Estate,134.54,620.02,704.85,2020-12-07,94830.52
280273,2079,Mutual Fund,Romero LLC Mutual Fund,458.47,865.52,792.45,2019-11-14,363314.55
217432,1471,Real Estate,"Dixon, King and Nunez Real Estate",457.62,581.42,603.76,2022-01-20,276292.65
479129,4007,Bond,"Moran, Davidson and Richard Bond",458.67,209.15,223.82,2021-11-08,102659.52
982079,7756,Real Estate,Archer PLC Real Estate,56.62,852.88,956.85,2021-05-21,54176.85
349203,7602,Real Estate,"Rodgers, Kelly and Brown Real Estate",35.45,891.91,1280.49,2024-09-07,45393.37
404686,5390,Mutual Fund,Shaffer Ltd Mutual Fund,112.86,76.94,108.89,2022-05-28,12289.33
120451,8002,Mutual Fund,"Hughes, Fernandez and Hart Mutual Fund",362.29,344.59,309.97,2023-01-17,112299.03
778739,1410,Real Estate,Owens Ltd Real Estate,78.12,340.12,290.08,2022-08-31,22661.05
912398,8503,Bond,Hamilton-Taylor Bond,348.84,171.54,219.95,2021-11-29,76727.36
764656,4119,Bond,Gibson-Davis Bond,41.58,938.08,1071.66,2022-09-22,44559.62
229626,6655,Stock,Ramos-Ramsey Stock,456.01,456.27,414.83,2023-01-21,189166.63
612221,8977,Stock,Robinson LLC Stock,226.33,181.82,240.1,2019-10-27,54341.83
205682,1029,Stock,Gallagher-Harmon Stock,336.76,657.24,850.76,2020-05-26,286501.94
861171,7071,Stock,Anderson and Sons Stock,228.29,214.87,276.7,2021-09-30,63167.84
959296,5227,Real Estate,"Cabrera, Mcfarland and Nelson Real Estate",41.58,109.92,104.9,2021-09-16,4361.74
179502,2142,Mutual Fund,"Nelson, Black and Anderson Mutual Fund",290.81,478.81,445.23,2020-04-02,129477.34
733156,9757,Mutual Fund,"Sosa, Cruz and Kelley Mutual Fund",267.3,364.03,370.65,2021-06-07,99074.74
265560,3109,Real Estate,Campos-Ayala Real Estate,36.68,599.38,792.09,2024-01-24,29053.86
183919,2363,Real Estate,Bryant-Charles Real Estate,75.33,96.34,99.96,2022-02-16,7529.99
554495,8975,Mutual Fund,"Hernandez, Smith and Liu Mutual Fund",79.23,662.75,581.06,2020-01-09,46037.38
253973,6661,Bond,Wright Ltd Bond,153.41,221.54,226.65,2021-10-23,34770.38
678986,4843,Mutual Fund,Jensen-Johnson Mutual Fund,334.63,962.23,1251.49,2020-03-31,418786.1
603687,9525,Stock,Mosley-Wood Stock,42.4,161.42,194.66,2024-05-02,8253.58
559412,4115,Bond,"Owens, Roberts and Hughes Bond",97.39,359.04,476.29,2022-02-13,46385.88
634548,9525,Mutual Fund,"Kemp, Mckee and Garcia Mutual Fund",214.06,237.5,350.58,2022-01-17,75045.15
444548,7756,Real Estate,Miller-Robinson Real Estate,409.02,311.71,390.87,2022-07-19,159873.65
875440,7172,Stock,Morrison PLC Stock,467.32,468.89,679.76,2023-02-03,317665.44
553952,2461,Real Estate,Perez Group Real Estate,197.26,932.87,1294.03,2024-05-13,255260.36
257988,9031,Mutual Fund,"Lane, Hughes and Mccarthy Mutual Fund",393.37,245.07,260.38,2023-06-05,102425.68
898624,8994,Mutual Fund,"Montgomery, Graham and Mullins Mutual Fund",499.66,99.07,137.67,2022-07-14,68788.19
364617,3725,Mutual Fund,Webb PLC Mutual Fund,394.38,525.55,646.49,2020-09-22,254962.73
814027,7948,Stock,"Benson, Townsend and Burton Stock",135.7,949.81,1050.61,2019-11-14,142567.78
667128,7602,Mutual Fund,Morris-Schmidt Mutual Fund,222.81,50.43,74.16,2023-01-01,16523.59
995089,1069,Bond,Washington-Thomas Bond,397.32,422.52,492.15,2021-10-25,195541.04
724135,1558,Real Estate,Cox-Miller Real Estate,489.43,899.53,1158.12,2021-11-05,566818.67
467085,7049,Mutual Fund,Lopez-Marshall Mutual Fund,190.55,743.04,1112.63,2023-12-27,212011.65
805629,5792,Real Estate,Gonzalez-Pollard Real Estate,169.65,103.8,93.18,2020-02-27,15807.99
691232,5792,Stock,Alexander and Sons Stock,484.47,127.55,125.38,2020-07-13,60742.85
465739,6937,Bond,Garcia Inc Bond,411.14,531.88,448.4,2024-05-15,184355.18
817394,5396,Stock,"Massey, Smith and Clark Stock",278.39,197.36,198.58,2021-05-01,55282.69
882835,6297,Bond,"Morales, Blanchard and Turner Bond",366.1,562.1,459.93,2020-09-04,168380.37
319997,2598,Mutual Fund,Craig Group Mutual Fund,317.19,486.19,595.75,2023-05-04,188965.94
508477,9525,Mutual Fund,"Stevens, Harmon and Yang Mutual Fund",162.87,298.74,263.43,2021-07-15,42904.84
565236,8069,Bond,"Graham, Jenkins and Barnes Bond",417.22,87.9,93.2,2023-03-15,38884.9
589322,5227,Real Estate,Mitchell-Green Real Estate,198.38,307.72,253.74,2023-02-21,50336.94
637613,4390,Real Estate,Robinson Inc Real Estate,237.42,351.77,288.21,2023-05-31,68426.82
195127,9116,Bond,Thomas-Garrison Bond,294.12,691.12,567.29,2023-01-07,166851.33
496614,5158,Real Estate,Fisher-Best Real Estate,126.6,655.11,659.34,2020-06-18,83472.44
695589,6810,Stock,"Espinoza, Miller and Moore Stock",367.26,384.11,473.1,2024-02-05,173750.71
860678,4007,Bond,Ferguson-Meyer Bond,252.56,169.73,190.57,2022-12-05,48130.36
297248,7071,Stock,Stevens and Sons Stock,52.43,160.85,224.06,2021-10-20,11747.47
579913,3120,Bond,Harrison Ltd Bond,395.74,965.49,1299.97,2022-05-29,514450.13
854561,6070,Real Estate,Munoz Group Real Estate,478.51,687.37,959.97,2023-01-01,459355.24
569930,2382,Mutual Fund,Griffith Group Mutual Fund,415.62,839.29,1229.22,2020-11-17,510888.42
204171,9730,Stock,"Mueller, Durham and Carlson Stock",86.57,326.8,316.71,2020-04-28,27417.58
431967,5044,Bond,"Russell, Thornton and Thompson Bond",436.58,566.78,534.74,2020-08-07,233456.79
262441,3938,Mutual Fund,"Dyer, Fitzgerald and Wiggins Mutual Fund",106.44,484.95,717.59,2020-06-28,76380.28
930423,5933,Mutual Fund,Duncan-Roberts Mutual Fund,432.41,463.87,642.28,2023-07-21,277728.29
232904,1845,Mutual Fund,Gibson Ltd Mutual Fund,315.39,64.33,63.13,2020-02-05,19910.57
788096,5631,Mutual Fund,"Brown, Thomas and Brewer Mutual Fund",34.59,508.9,710.93,2021-05-18,24591.07
842390,2598,Mutual Fund,"Garcia, Moon and Turner Mutual Fund",257.75,869.92,795.17,2019-11-29,204955.07
509471,2131,Bond,Davis-Rich Bond,392.6,883.63,1100.27,2021-10-22,431966.0
903980,9116,Stock,Baker-Davis Stock,398.33,316.5,433.02,2023-11-06,172484.86
164411,5431,Bond,Benson-Nichols Bond,308.35,437.65,589.43,2024-06-22,181750.74
160113,6810,Real Estate,"Scott, Hall and Brown Real Estate",268.95,887.42,814.82,2019-12-25,219145.84
243730,2439,Mutual Fund,"Taylor, Erickson and Caldwell Mutual Fund",281.19,771.77,893.36,2021-11-22,251203.9
981221,4355,Mutual Fund,Larson-Medina Mutual Fund,191.19,60.4,83.16,2023-03-07,15899.36
217926,1932,Mutual Fund,Garcia Inc Mutual Fund,48.06,860.65,1079.47,2023-03-04,51879.33
462551,1204,Real Estate,Johnson-Edwards Real Estate,165.92,181.03,150.75,2024-06-09,25012.44
504101,6258,Real Estate,"Cisneros, Coleman and Dawson Real Estate",430.04,410.57,332.09,2022-08-25,142811.98
192522,4351,Bond,Spence LLC Bond,441.41,297.16,406.59,2019-12-31,179472.89
524004,9757,Bond,Calhoun PLC Bond,446.8,274.04,362.35,2022-05-01,161897.98
156535,5110,Mutual Fund,"Jones, Gonzalez and White Mutual Fund",179.63,442.77,655.9,2024-08-28,117819.32
184111,5541,Real Estate,Silva and Sons Real Estate,265.52,347.87,293.5,2023-10-24,77930.12
114667,3862,Stock,Higgins-Burton Stock,416.15,141.78,130.35,2022-01-14,54245.15
976885,9353,Mutual Fund,Herrera PLC Mutual Fund,114.39,469.3,580.14,2023-08-02,66362.21
370778,6070,Stock,"Anderson, Chavez and Nielsen Stock",67.04,531.35,657.0,2019-10-02,44045.28
597443,7747,Mutual Fund,Pham-Romero Mutual Fund,470.78,420.44,603.93,2021-09-25,284318.17
980896,8550,Bond,Baker and Sons Bond,497.32,311.49,424.84,2023-01-10,211281.43
894955,1204,Mutual Fund,"Walker, Ward and Hill Mutual Fund",231.26,235.21,308.8,2020-03-11,71413.09
767419,9575,Real Estate,Weaver PLC Real Estate,473.29,412.05,464.56,2021-09-20,219871.6
244350,9834,Stock,Wells-Maldonado Stock,156.69,519.44,556.01,2019-11-21,87121.21
408068,5631,Stock,"Webb, Barnes and Nelson Stock",157.44,494.26,561.54,2024-04-19,88408.86
160602,8625,Real Estate,"Jones, Pace and Tran Real Estate",371.87,381.49,507.52,2024-08-29,188731.46
528993,3778,Real Estate,"Taylor, Tucker and Keith Real Estate",340.85,845.94,1169.77,2020-12-29,398716.1
179902,2474,Bond,Smith-Lopez Bond,77.12,343.32,442.81,2024-02-26,34149.51
952237,2461,Stock,"Curry, Morrison and Franco Stock",292.5,424.93,514.03,2019-12-17,150353.77
658598,8907,Bond,Gomez-Castro Bond,493.81,650.24,929.2,2020-01-15,458848.25
945719,2253,Real Estate,Hart PLC Real Estate,127.6,566.39,583.95,2021-02-24,74512.02
480095,2131,Mutual Fund,Martin and Sons Mutual Fund,28.12,179.41,226.94,2024-05-19,6381.55
273536,8234,Bond,"Perez, Walton and Schmidt Bond",96.23,557.12,468.65,2022-10-23,45098.19
392438,9920,Bond,Brown Inc Bond,29.5,53.51,51.0,2024-06-18,1504.5
332289,3900,Bond,"Fitzgerald, Anderson and Mcdonald Bond",106.96,871.01,762.57,2022-09-16,81564.49
227272,5044,Real Estate,"Flores, Smith and Lewis Real Estate",211.31,362.42,301.63,2023-01-13,63737.44
127606,5792,Bond,Ortega Group Bond,37.11,240.62,279.34,2019-11-30,10366.31
198534,6240,Bond,Johnson LLC Bond,490.14,580.4,603.48,2023-04-14,295789.69
199017,2448,Mutual Fund,Marshall-Shepard Mutual Fund,415.13,773.28,903.42,2024-06-08,375036.74
369751,1269,Real Estate,Walker-Chandler Real Estate,375.32,875.31,1192.26,2024-02-05,447479.02
962232,9015,Real Estate,"Hall, Campbell and Hall Real Estate",382.87,507.4,540.33,2021-02-23,206876.15
395772,9866,Mutual Fund,"Long, Little and Williams Mutual Fund",164.69,394.42,585.38,2022-05-01,96406.23
198586,9920,Real Estate,Ferguson-Miller Real Estate,15.92,346.27,468.01,2021-04-26,7450.72
975569,5007,Real Estate,"White, Holmes and Valdez Real Estate",358.58,228.67,189.93,2024-05-29,68105.1
719749,6218,Mutual Fund,"Meza, Parker and Robbins Mutual Fund",428.69,695.21,967.45,2022-08-08,414736.14
272169,4566,Stock,"Harris, Camacho and Rodriguez Stock",53.22,427.54,443.07,2020-05-13,23580.19
526440,6416,Mutual Fund,Jimenez PLC Mutual Fund,72.73,928.76,995.31,2021-06-09,72388.9
132793,3193,Stock,Powell-Doyle Stock,428.72,412.2,587.3,2021-04-13,251787.26
681660,6263,Real Estate,Wright Inc Real Estate,320.89,198.21,183.75,2024-01-07,58963.54
750377,6536,Stock,"Lowe, Coleman and Rowe Stock",308.09,772.17,908.91,2020-01-03,280026.08
934630,6750,Mutual Fund,Hinton-Jones Mutual Fund,363.06,348.5,372.86,2023-01-21,135370.55
224166,5044,Bond,Carlson-Oliver Bond,272.96,799.34,772.23,2020-10-29,210787.9
930837,1787,Real Estate,Miller Inc Real Estate,290.26,479.55,557.91,2020-06-27,161938.96
945551,4948,Mutual Fund,Phillips Ltd Mutual Fund,218.39,660.05,541.91,2021-10-05,118347.72
790410,9920,Mutual Fund,"Stevens, Hamilton and Patel Mutual Fund",363.7,489.59,640.73,2023-04-08,233033.5
918734,2678,Bond,Chapman and Sons Bond,431.07,651.95,785.41,2023-07-30,338566.69
465446,2525,Mutual Fund,Martin-Boyd Mutual Fund,280.96,530.87,622.91,2020-08-06,175012.79
440020,2720,Mutual Fund,Odonnell-Hawkins Mutual Fund,123.07,782.42,732.35,2019-11-28,90130.31
110082,6218,Stock,"Brown, Gallagher and Meadows Stock",442.34,657.37,685.07,2022-01-10,303033.86
830751,8313,Stock,"Patel, Neal and Moody Stock",43.22,885.71,1152.15,2024-06-24,49795.92
404390,3862,Real Estate,Munoz-Sullivan Real Estate,465.83,984.74,883.83,2022-05-10,411714.53
913405,1138,Real Estate,Huynh-Pace Real Estate,273.65,156.33,233.41,2022-11-26,63872.65
654298,6240,Mutual Fund,Barnett-Bennett Mutual Fund,225.56,918.4,1070.85,2023-10-20,241540.93
254135,6536,Mutual Fund,Holland Group Mutual Fund,133.54,829.7,714.89,2019-12-24,95466.41
110155,8996,Bond,Smith Group Bond,13.49,381.8,496.45,2024-03-22,6697.11
778876,9757,Real Estate,Perez-Parker Real Estate,310.05,743.44,912.58,2023-08-12,282945.43
183843,5044,Bond,"Beard, Wright and Williams Bond",292.82,400.57,442.99,2019-12-10,129716.33
237592,1138,Bond,Davis-Nielsen Bond,137.05,328.79,426.32,2024-08-26,58427.16
765884,8280,Mutual Fund,Miller Ltd Mutual Fund,102.16,564.34,744.26,2024-08-20,76033.6
513741,8616,Bond,"Simmons, Thomas and Hamilton Bond",313.3,569.79,579.33,2024-04-30,181504.09
975674,9575,Real Estate,Warren Inc Real Estate,402.86,429.79,454.64,2022-12-03,183156.27
602525,6937,Mutual Fund,Butler LLC Mutual Fund,410.76,502.6,588.81,2021-02-07,241859.6
994836,5663,Mutual Fund,Aguilar Group Mutual Fund,386.06,726.82,977.39,2020-05-16,377331.18
764478,9015,Mutual Fund,Shelton Inc Mutual Fund,55.28,472.8,397.65,2022-12-17,21982.09
952599,7756,Real Estate,Anderson-Alvarado Real Estate,471.84,527.64,759.74,2022-01-18,358475.72
263012,5705,Stock,Cunningham-Berry Stock,382.77,855.82,1074.71,2019-10-15,411366.75
499406,6258,Real Estate,Scott-Dougherty Real Estate,274.44,425.34,548.44,2021-05-17,150513.87
313451,1666,Real Estate,"Wright, Wright and Olson Real Estate",199.35,439.3,431.92,2023-06-09,86103.25
484287,4351,Stock,Peck and Sons Stock,324.78,685.11,973.41,2020-09-02,316144.1
365815,7071,Real Estate,Lewis Ltd Real Estate,451.82,262.91,364.1,2023-06-16,164507.66
991147,8625,Mutual Fund,Cantu-Phillips Mutual Fund,61.43,550.57,602.93,2021-12-03,37037.99
521671,8503,Mutual Fund,Gomez Inc Mutual Fund,335.65,88.5,127.97,2023-01-01,42953.13
244904,9153,Stock,Sharp LLC Stock,146.35,711.04,902.47,2024-05-23,132076.48
626246,2055,Stock,Smith Inc Stock,365.26,804.92,766.85,2020-09-30,280099.63
283872,2079,Stock,Garza-Gomez Stock,228.51,944.21,1009.01,2021-07-08,230568.88
869200,2344,Stock,"Moore, Reed and Steele Stock",288.67,825.24,1099.53,2023-10-23,317401.33
274534,8907,Bond,Duran Ltd Bond,251.75,93.06,101.2,2020-06-28,25477.1
110387,1410,Stock,Colon Inc Stock,271.98,95.07,99.83,2019-12-06,27151.76
231568,9525,Bond,"Thomas, Erickson and Johnson Bond",475.0,701.47,911.5,2022-09-25,432962.5
804563,9015,Bond,Wang Ltd Bond,128.02,771.35,1154.51,2022-03-02,147800.37
544451,6416,Real Estate,Browning-Wagner Real Estate,420.67,969.83,1406.32,2023-12-22,591596.63
785318,4430,Bond,"Young, Hull and Acosta Bond",238.26,396.86,486.65,2020-07-21,115949.23
787330,8994,Bond,Hunter-Green Bond,268.85,354.25,422.53,2021-02-17,113597.19
173840,7581,Bond,Lowe-Anthony Bond,384.76,522.54,672.04,2022-02-23,258574.11
349935,9757,Real Estate,Wu-Mccoy Real Estate,95.87,66.66,76.75,2021-09-20,7358.02
581753,8032,Stock,Beasley-Grant Stock,15.33,876.66,937.48,2023-04-07,14371.57
646320,7654,Stock,Garcia-Duncan Stock,415.86,281.09,369.49,2021-11-24,153656.11
128267,3778,Bond,Jones Ltd Bond,78.18,93.78,98.99,2023-09-14,7739.04
830445,6416,Real Estate,Davis Group Real Estate,313.92,709.62,613.1,2024-08-27,192464.35
588087,2253,Bond,"Ortiz, Ortega and Gonzales Bond",435.6,794.55,1143.34,2020-10-24,498038.9
649106,3558,Bond,Graves Ltd Bond,328.68,931.54,1010.03,2021-06-07,331976.66
997064,1138,Real Estate,"Daniels, Lee and Underwood Real Estate",275.58,858.93,845.31,2020-06-11,232950.53
861959,4566,Mutual Fund,Miller-Chase Mutual Fund,373.74,186.48,264.92,2020-01-07,99011.2
959260,9236,Bond,Stanton Inc Bond,415.82,743.39,676.06,2020-09-27,281119.27
432096,4877,Mutual Fund,Decker-Bryant Mutual Fund,242.92,629.12,523.95,2024-04-02,127277.93
201215,4566,Stock,Meyer-Mason Stock,420.24,688.65,728.52,2021-10-23,306153.24
668396,1787,Bond,"Thompson, West and Bell Bond",293.26,907.74,1332.07,2022-09-17,390642.85
477671,9566,Mutual Fund,Keith and Sons Mutual Fund,193.7,158.3,168.5,2020-01-10,32638.45
199813,2131,Bond,Schultz and Sons Bond,337.16,732.53,646.03,2024-01-23,217815.47
552353,4321,Mutual Fund,Vasquez-Fisher Mutual Fund,419.11,856.7,1110.23,2023-10-07,465308.5
699771,3877,Real Estate,Clayton Inc Real Estate,259.79,529.27,479.24,2024-07-14,124501.76
481941,1410,Bond,Hill and Sons Bond,262.87,503.29,671.21,2023-06-07,176440.97
670599,4007,Bond,Mckenzie-Williams Bond,16.13,659.1,694.79,2022-01-12,11206.96
723874,1932,Real Estate,Taylor-Grant Real Estate,14.81,625.68,903.03,2023-10-09,13373.87
457700,2720,Stock,Rich-Freeman Stock,118.76,50.58,54.25,2020-10-02,6442.73
812780,3558,Real Estate,Stephens-Noble Real Estate,133.2,543.69,438.86,2020-02-13,58456.15
504836,4919,Bond,Merritt and Sons Bond,358.22,113.57,105.66,2022-05-04,37849.53
696619,9751,Bond,"Velez, Cummings and Callahan Bond",89.93,385.14,498.5,2022-06-10,44830.11
325450,8582,Real Estate,Graham-Herrera Real Estate,393.05,65.75,61.67,2024-05-28,24239.39
691578,3302,Bond,Burton and Sons Bond,432.47,540.28,630.13,2022-08-13,272512.32
441516,5044,Stock,Moore-Russell Stock,331.58,668.4,993.01,2022-07-09,329262.26
381427,4771,Real Estate,Lewis-Pittman Real Estate,458.33,560.89,459.58,2023-09-26,210639.3
158012,6240,Mutual Fund,"Morrow, Hernandez and Goodwin Mutual Fund",368.38,764.42,948.42,2023-08-31,349378.96
968035,7602,Real Estate,Buchanan and Sons Real Estate,408.5,413.36,530.71,2020-04-27,216795.04
186295,3877,Mutual Fund,Smith-Medina Mutual Fund,398.27,421.67,567.23,2022-08-07,225910.69
821727,6240,Real Estate,Anderson and Sons Real Estate,111.87,375.55,336.81,2023-10-07,37678.93
315938,1784,Mutual Fund,Williamson-Olson Mutual Fund,35.27,915.03,1350.99,2019-12-08,47649.42
974146,5646,Mutual Fund,Barr-Stanley Mutual Fund,462.48,658.37,831.55,2019-12-05,384575.24
338229,9044,Bond,"Hardin, Williams and Figueroa Bond",412.33,481.68,550.0,2023-04-19,226781.5
299341,4007,Stock,"Cantrell, Willis and Dyer Stock",325.29,78.62,97.28,2022-12-03,31644.21
502779,9044,Mutual Fund,"Oliver, Baldwin and Morales Mutual Fund",103.21,992.54,962.93,2021-07-05,99384.01
112672,2079,Bond,"Myers, Guerrero and Aguilar Bond",62.68,261.97,293.6,2021-06-27,18402.85
361448,7858,Stock,White-Gutierrez Stock,398.97,568.45,819.8,2020-05-01,327075.61
326488,5541,Real Estate,Adams Group Real Estate,122.77,694.75,784.33,2021-11-19,96292.19
900331,9427,Bond,Gibson Ltd Bond,27.64,88.16,74.9,2023-08-08,2070.24
480378,9866,Bond,Jackson Group Bond,41.44,998.45,1486.6,2022-07-16,61604.7
224334,4771,Mutual Fund,Johnson-Brown Mutual Fund,127.35,677.12,773.9,2022-10-08,98556.16
999223,4157,Mutual Fund,Stuart LLC Mutual Fund,488.33,454.18,614.21,2023-04-14,299937.17
211325,6416,Mutual Fund,Murphy PLC Mutual Fund,60.91,108.93,125.6,2020-11-05,7650.3
869708,6218,Mutual Fund,King-Hampton Mutual Fund,414.05,757.92,667.51,2023-07-06,276382.52
667217,8661,Mutual Fund,Brown Ltd Mutual Fund,324.75,729.25,962.35,2020-11-28,312523.16
761444,6297,Bond,"Harmon, Wilson and Kirk Bond",168.1,708.19,990.0,2020-01-23,166419.0
408700,8853,Bond,Walker-Evans Bond,173.83,441.14,556.51,2023-11-09,96738.13
578290,8661,Bond,Fleming-Montgomery Bond,281.86,418.44,502.47,2022-11-05,141626.19
971023,7265,Stock,Klein PLC Stock,15.69,407.01,583.99,2024-02-23,9162.8
601149,7655,Stock,Stark Inc Stock,485.13,442.04,382.74,2022-01-25,185678.66
928139,5044,Real Estate,King Inc Real Estate,47.0,103.81,125.15,2024-01-02,5882.05
278460,4948,Mutual Fund,"Daugherty, Meza and Joyce Mutual Fund",57.16,574.72,620.04,2020-12-17,35441.49
913601,8280,Stock,Davidson-Smith Stock,354.45,587.41,547.13,2023-11-23,193930.23
212074,9575,Mutual Fund,Robertson-Ellis Mutual Fund,450.36,441.63,577.84,2020-10-14,260236.02
984780,3778,Stock,"Mitchell, Lutz and Hull Stock",287.99,946.56,822.66,2023-12-28,236917.85
682509,4771,Bond,Barajas Group Bond,118.71,646.22,588.33,2021-09-03,69840.65
847460,9900,Mutual Fund,Brown-Gibbs Mutual Fund,470.94,839.49,982.44,2022-08-25,462670.29
682416,8313,Bond,Anderson Group Bond,202.25,219.64,178.17,2021-06-19,36034.88
892517,1787,Mutual Fund,"Sullivan, Arnold and Palmer Mutual Fund",250.59,660.8,802.78,2024-04-22,201168.64
820383,9733,Bond,Lynch Ltd Bond,145.05,699.33,956.55,2020-12-08,138747.58
808779,3877,Bond,Stewart LLC Bond,166.08,137.53,110.23,2019-12-19,18307.0
743400,7265,Real Estate,"Gonzalez, Williams and Osborn Real Estate",174.39,669.49,888.31,2023-09-04,154912.38
473998,3574,Bond,Fitzgerald PLC Bond,330.47,701.35,811.97,2019-11-29,268331.73
574988,4157,Stock,"Horne, Prince and Torres Stock",333.48,518.13,426.25,2023-04-07,142145.85
679536,1269,Mutual Fund,Flores Group Mutual Fund,289.03,999.71,1316.78,2024-06-18,380588.92
644569,7756,Mutual Fund,Smith-Smith Mutual Fund,170.8,645.45,850.52,2020-06-03,145268.82
399995,8582,Stock,"Stone, Thompson and Miller Stock",414.34,948.08,1330.26,2022-07-02,551179.93
447938,7270,Stock,"Riddle, Perry and Johnson Stock",441.58,198.8,190.98,2020-04-14,84332.95
434321,7948,Real Estate,"Cameron, Boyd and Hopkins Real Estate",275.22,432.77,562.17,2022-04-19,154720.43
238209,6906,Bond,Mclean-Newton Bond,13.35,204.45,221.24,2021-05-25,2953.55
768949,8853,Stock,Gray-Rivera Stock,75.99,935.72,771.4,2023-02-17,58618.69
480422,9983,Bond,Donovan-Cervantes Bond,338.23,317.22,306.95,2023-09-02,103819.7
116104,9427,Mutual Fund,Reyes-Black Mutual Fund,243.82,113.07,136.38,2022-02-13,33252.17
446134,9015,Stock,Benjamin and Sons Stock,45.4,253.68,223.87,2021-09-21,10163.7
129244,5631,Bond,Molina PLC Bond,36.56,452.14,596.87,2022-10-20,21821.57
564781,4705,Mutual Fund,Shepherd Group Mutual Fund,290.5,689.78,779.13,2023-10-31,226337.26
687293,2439,Stock,Castro and Sons Stock,253.65,755.08,957.42,2024-06-28,242849.58
160499,2304,Bond,Booth-Tucker Bond,415.51,983.41,889.79,2024-04-03,369716.64
378748,9656,Bond,"Myers, Hawkins and Perkins Bond",40.79,579.6,743.59,2022-02-08,30331.04
429671,1858,Real Estate,"Gardner, White and Cochran Real Estate",145.47,78.1,92.61,2023-01-16,13471.98
664969,5110,Bond,Taylor and Sons Bond,106.76,197.2,233.6,2020-06-26,24939.14
635707,8625,Stock,Harris Group Stock,379.02,957.88,861.86,2020-09-14,326662.18
617985,9063,Mutual Fund,Baker-Gilbert Mutual Fund,125.06,112.66,105.61,2019-11-01,13207.59
304897,2150,Real Estate,Saunders Ltd Real Estate,412.38,909.3,784.08,2022-07-20,323338.91
929195,4700,Real Estate,Mclaughlin-Brooks Real Estate,139.6,732.05,715.4,2023-11-25,99869.84
740496,5559,Bond,Brown-Snyder Bond,105.92,169.71,204.25,2023-01-11,21634.16
301349,7071,Real Estate,Sheppard Inc Real Estate,213.73,764.12,857.36,2020-09-28,183243.55
551553,7654,Real Estate,Torres PLC Real Estate,306.74,716.94,696.18,2023-10-20,213546.25
638478,6750,Mutual Fund,Thomas LLC Mutual Fund,62.39,93.76,119.34,2022-03-24,7445.62
457503,5431,Stock,Murphy Ltd Stock,198.66,948.52,1318.13,2023-02-23,261859.71
946156,2344,Bond,Tucker-Lopez Bond,343.21,848.07,1118.73,2023-10-01,383959.32
377217,9116,Mutual Fund,"Marshall, Mitchell and Wise Mutual Fund",494.7,336.32,298.31,2020-10-30,147573.96
977560,1138,Stock,Young-Foster Stock,118.19,183.95,200.4,2020-03-31,23685.28
778251,5705,Mutual Fund,Woods-Hart Mutual Fund,311.79,526.44,754.1,2020-11-24,235120.84
723638,9525,Real Estate,"Mejia, King and Mccall Real Estate",123.23,273.0,293.25,2022-11-17,36137.2
398838,8625,Real Estate,Jones and Sons Real Estate,95.96,529.33,446.71,2021-01-22,42866.29
101849,5007,Real Estate,"Nelson, Fry and Campbell Real Estate",322.07,232.4,216.36,2022-10-13,69683.07
196361,2183,Stock,Paul Group Stock,69.51,645.55,768.45,2022-07-08,53414.96
323003,5663,Stock,"Rodriguez, Davenport and Gentry Stock",385.6,654.84,551.35,2023-03-24,212600.56
923181,3862,Mutual Fund,Russell-Gray Mutual Fund,197.75,524.4,572.13,2022-09-23,113138.71
404424,4566,Stock,Robertson-Velasquez Stock,399.58,252.2,290.19,2020-12-12,115954.12
376769,3300,Stock,"Harrison, Perez and Trevino Stock",24.19,977.42,1034.59,2023-08-08,25026.73
715380,3558,Real Estate,"Strickland, Kirby and Li Real Estate",287.66,499.26,590.46,2022-07-11,169851.72
101533,5933,Mutual Fund,"Davis, Jones and Booth Mutual Fund",207.84,327.56,355.33,2019-10-15,73851.79
468639,9116,Real Estate,Lyons PLC Real Estate,178.35,776.45,897.94,2020-08-10,160147.6
153582,2363,Stock,Todd Ltd Stock,63.6,403.78,379.83,2022-07-11,24157.19
638008,9698,Mutual Fund,Doyle-Robinson Mutual Fund,136.89,144.32,183.96,2021-12-07,25182.28
746590,7581,Stock,King-Decker Stock,69.2,124.98,139.9,2024-09-22,9681.08
878103,9236,Mutual Fund,Johnson PLC Mutual Fund,288.31,924.3,1248.44,2021-01-02,359937.74
695703,2079,Mutual Fund,"Adams, Brown and Hunt Mutual Fund",376.51,240.94,280.78,2021-06-17,105716.48
403562,9900,Bond,King-Burns Bond,469.71,561.23,825.9,2022-01-18,387933.49
181048,7582,Mutual Fund,"Novak, Carter and Bennett Mutual Fund",280.55,678.09,610.45,2019-12-13,171261.75
293664,1280,Bond,Curtis LLC Bond,129.59,902.48,1123.59,2022-09-19,145606.03
755841,6263,Mutual Fund,"Bright, Dunn and Hernandez Mutual Fund",320.08,119.87,156.41,2022-03-16,50063.71
593759,6536,Mutual Fund,"Andrews, Phillips and Henderson Mutual Fund",325.27,455.32,405.88,2020-02-02,132020.59
571579,5264,Real Estate,Wilson-Stuart Real Estate,471.68,51.17,46.75,2023-07-20,22051.04
609851,4351,Bond,Thomas Group Bond,235.97,588.3,619.65,2023-06-29,146218.81
603244,5158,Bond,Parker-Barr Bond,232.93,890.92,911.37,2024-02-09,212285.41
429565,8503,Stock,Reed-Bishop Stock,189.13,662.82,599.58,2021-02-10,113398.57
493570,2235,Bond,"Gordon, Anderson and Zuniga Bond",54.91,443.22,413.97,2023-05-17,22731.09
624610,7172,Real Estate,Martinez PLC Real Estate,215.78,792.57,1161.52,2020-12-02,250632.79
357583,6297,Stock,Roberts and Sons Stock,18.16,73.63,108.21,2020-09-08,1965.09
286245,6810,Bond,Lewis Ltd Bond,198.97,601.14,834.47,2019-12-11,166034.5
544681,5108,Mutual Fund,Gillespie and Sons Mutual Fund,363.38,396.39,470.38,2023-04-27,170926.68
222683,4115,Stock,Myers-Bell Stock,320.54,310.95,447.87,2022-06-20,143560.25
844677,4948,Real Estate,"White, Erickson and Taylor Real Estate",424.42,721.52,944.98,2022-09-21,401068.41
773234,1280,Real Estate,Roberts-Gray Real Estate,310.89,670.79,948.31,2021-11-17,294820.1
876926,3558,Real Estate,Webb LLC Real Estate,13.1,745.7,743.33,2023-10-25,9737.62
199869,7976,Bond,Martin Ltd Bond,397.11,318.01,472.81,2021-03-24,187757.58
350600,9900,Bond,Peck PLC Bond,163.78,347.15,488.61,2021-02-04,80024.55
351441,7582,Mutual Fund,Forbes-Baker Mutual Fund,290.59,253.68,252.78,2020-01-05,73455.34
219163,5390,Stock,Miller-Williams Stock,466.7,305.29,301.55,2022-11-09,140733.39
448461,8503,Bond,Smith-Lopez Bond,164.46,628.08,795.71,2021-08-23,130862.47
319143,7976,Real Estate,"Reeves, Williams and Moore Real Estate",359.41,885.38,790.45,2021-05-09,284095.63
520790,7756,Stock,Smith Group Stock,231.22,830.5,873.87,2023-11-28,202056.22
448043,4771,Mutual Fund,"Hudson, Johnson and Rojas Mutual Fund",396.15,841.09,717.36,2022-06-12,284182.16
468299,2474,Bond,"Ellis, Perez and Sparks Bond",310.03,301.55,361.39,2024-04-18,112041.74
425176,4115,Mutual Fund,"Wilkerson, Johnson and Martinez Mutual Fund",73.13,422.25,385.51,2023-05-19,28192.35
978335,4700,Mutual Fund,Barrera-Jordan Mutual Fund,203.9,946.38,862.36,2023-12-27,175835.2
722804,7071,Bond,Wright PLC Bond,225.44,59.41,80.35,2020-03-20,18114.1
173439,2363,Real Estate,"Gibson, Pope and Phillips Real Estate",100.37,389.44,344.96,2021-10-03,34623.64
917562,2344,Bond,King-Thomas Bond,353.61,961.34,1094.16,2020-10-26,386905.92
992549,4119,Bond,Mosley Group Bond,307.14,132.22,170.59,2024-08-10,52395.01
466753,6416,Stock,"Thompson, Richards and Hale Stock",362.4,575.98,516.3,2020-04-26,187107.12
825731,3617,Mutual Fund,Acevedo PLC Mutual Fund,388.96,897.29,819.01,2024-03-08,318562.13
293834,4771,Mutual Fund,"Patterson, Schneider and Payne Mutual Fund",409.58,855.37,836.81,2020-05-26,342740.64
310847,4355,Stock,Sanchez Group Stock,433.29,948.83,1041.97,2020-03-29,451475.18
849923,9757,Stock,"Nelson, Alvarez and Ewing Stock",361.53,610.78,643.64,2022-09-25,232695.17
958691,9751,Real Estate,Wilson-Knox Real Estate,451.81,846.88,1104.72,2023-05-06,499123.54
984247,2678,Real Estate,Walker and Sons Real Estate,237.55,231.03,327.93,2021-06-28,77899.77
957496,7071,Bond,Terry PLC Bond,54.83,89.11,115.41,2019-11-24,6327.93
251157,9525,Real Estate,Bishop-Li Real Estate,339.49,703.63,853.39,2023-03-28,289717.37
408442,7159,Stock,"Davis, Keith and Vasquez Stock",335.75,138.21,191.55,2022-02-25,64312.91
626496,4351,Mutual Fund,Gay Ltd Mutual Fund,314.55,478.68,417.4,2023-10-29,131293.17
908369,9866,Real Estate,Smith PLC Real Estate,115.32,93.3,136.0,2022-09-12,15683.52
431679,4700,Bond,Johnson-Williams Bond,44.75,96.87,126.61,2023-05-02,5665.8
836542,2823,Stock,Parrish-King Stock,98.84,457.89,637.35,2020-02-24,62995.67
787473,9920,Bond,Little PLC Bond,82.15,583.94,773.16,2021-12-27,63515.09
865642,5663,Stock,"Thomas, Vazquez and Martin Stock",273.8,751.95,942.09,2020-10-21,257944.24
590373,4119,Real Estate,Phillips-Barrett Real Estate,405.25,504.84,679.23,2024-05-08,275257.96
384105,8907,Mutual Fund,"Roberts, Barnett and Wallace Mutual Fund",80.19,230.67,219.01,2023-03-09,17562.41
277250,8907,Stock,Adams Group Stock,418.32,706.16,629.48,2024-09-18,263324.07
625636,9698,Bond,"Montoya, Lawson and Turner Bond",292.34,621.21,550.96,2020-06-16,161067.65
846445,4321,Mutual Fund,Peters-Winters Mutual Fund,43.94,721.02,805.82,2023-02-01,35407.73
876206,5559,Real Estate,Bruce-Moore Real Estate,395.99,176.06,251.44,2022-09-22,99567.73
885642,7691,Mutual Fund,"Lewis, Smith and Evans Mutual Fund",181.74,563.85,840.7,2021-01-10,152788.82
159969,8234,Real Estate,Robles-Heath Real Estate,233.85,875.74,780.77,2020-01-12,182583.06
579269,6297,Mutual Fund,Johnston-Santiago Mutual Fund,432.15,269.94,280.51,2020-07-23,121222.4
939069,1471,Stock,"Young, Lopez and Mcdowell Stock",132.23,674.55,933.1,2023-07-14,123383.81
367666,7858,Mutual Fund,"Howard, Patton and Anderson Mutual Fund",391.97,603.78,742.86,2022-03-19,291178.83
559561,2448,Real Estate,"Miller, Johnson and Haynes Real Estate",360.79,704.45,1050.72,2023-01-08,379089.27
610667,9920,Bond,Lewis Inc Bond,174.97,404.64,532.03,2021-04-02,93089.29
400091,9751,Real Estate,Santos Ltd Real Estate,67.96,852.08,1022.97,2021-05-14,69521.04
609739,2461,Bond,"Perry, Thomas and Wiggins Bond",249.08,827.85,1204.25,2021-08-20,299954.59
949520,2678,Stock,"White, Rivera and Gonzalez Stock",255.04,525.89,531.44,2023-10-10,135538.46
482705,2461,Mutual Fund,Richardson-Carroll Mutual Fund,269.28,772.11,1122.51,2020-10-25,302269.49
867139,4877,Mutual Fund,Clark-Barnett Mutual Fund,345.18,872.9,1132.1,2022-06-17,390778.28
127593,7046,Bond,Murphy PLC Bond,254.45,861.56,999.71,2024-06-29,254376.21
314322,8550,Real Estate,Kirk-Walsh Real Estate,461.86,707.28,868.41,2021-03-01,401083.84
320218,9525,Bond,"Carr, Johnson and Perry Bond",408.73,722.49,784.67,2020-11-13,320718.17
992273,3877,Mutual Fund,Gibbs-Davis Mutual Fund,39.78,187.87,275.75,2023-02-21,10969.34
712724,9525,Real Estate,"Miller, Stewart and Simpson Real Estate",247.25,886.69,850.63,2021-11-04,210318.27
853840,9525,Real Estate,"Myers, Arias and Weaver Real Estate",166.03,676.88,938.83,2020-02-23,155873.94
561539,8355,Real Estate,"Harmon, Mckinney and Brandt Real Estate",358.48,244.01,296.64,2020-07-06,106339.51
953060,6444,Bond,Morales PLC Bond,153.36,189.74,198.05,2021-09-27,30372.95
873486,8996,Mutual Fund,Martin Ltd Mutual Fund,359.5,246.36,353.01,2024-04-07,126907.1
458909,8616,Stock,"Carter, Murphy and Evans Stock",208.34,789.78,1183.04,2022-11-18,246474.55
952609,6297,Mutual Fund,Boone Inc Mutual Fund,142.05,796.07,1032.29,2023-10-30,146636.79
817382,6218,Real Estate,"Moore, Hays and Hamilton Real Estate",118.9,71.8,93.78,2023-05-17,11150.44
291068,1475,Stock,White Ltd Stock,493.45,450.03,670.54,2020-04-03,330877.96
180092,8371,Real Estate,"Cortez, Jones and Skinner Real Estate",296.92,397.06,505.83,2020-05-27,150191.04
308813,2150,Stock,Parker PLC Stock,262.28,823.55,1177.42,2024-05-11,308813.72
603950,2461,Bond,"Guerrero, Parker and Frye Bond",40.06,54.27,77.1,2023-06-04,3088.63
364759,5318,Bond,"Black, Alvarez and Cameron Bond",353.74,400.19,344.33,2020-01-17,121803.29
704375,8032,Bond,"Garcia, Duncan and Ferrell Bond",372.45,55.33,61.19,2019-09-27,22790.22
662616,3504,Real Estate,"Hughes, Gilbert and Richmond Real Estate",14.12,336.01,495.56,2022-12-15,6997.31
778849,1471,Bond,"Webb, Le and Martinez Bond",466.58,486.38,518.44,2020-12-08,241893.74
470966,9427,Bond,Ford-Gross Bond,388.48,748.62,1095.34,2020-06-04,425517.68
668874,6263,Mutual Fund,"Stout, Gomez and Knapp Mutual Fund",276.73,714.89,890.51,2022-08-25,246430.83
432585,9427,Real Estate,"Sims, Oliver and Lee Real Estate",46.94,942.74,1259.28,2024-05-12,59110.6
246989,2157,Bond,Freeman-Steele Bond,136.72,475.23,668.24,2022-01-02,91361.77
726331,8977,Mutual Fund,Barry-Coleman Mutual Fund,17.85,777.26,903.61,2023-03-12,16129.44
490268,7071,Bond,"Lucero, Miller and Herrera Bond",338.35,272.51,261.06,2021-06-03,88329.65
957431,4716,Real Estate,Anderson PLC Real Estate,333.32,199.65,178.4,2019-10-27,59464.29
644200,3120,Mutual Fund,Young-Holden Mutual Fund,247.13,645.36,776.07,2022-01-14,191790.18
563092,7948,Real Estate,"Cabrera, Parker and Riley Real Estate",360.71,308.16,405.38,2023-06-10,146224.62
480783,6937,Bond,Bryant-Silva Bond,341.28,896.54,1048.87,2023-10-14,357958.35
252143,2696,Mutual Fund,Lopez-Nelson Mutual Fund,192.6,552.33,594.64,2021-10-18,114527.66
962225,7983,Stock,Pearson Ltd Stock,142.35,404.01,524.76,2020-07-12,74699.59
478906,6810,Mutual Fund,Myers Ltd Mutual Fund,197.18,243.74,346.1,2023-04-01,68244.0
297911,9116,Stock,Glass PLC Stock,29.24,725.7,615.29,2020-05-28,17991.08
995474,8280,Stock,Lyons Inc Stock,151.75,524.54,580.81,2021-07-06,88137.92
349222,5541,Stock,"Terrell, Chavez and Andrade Stock",355.85,700.52,998.72,2021-08-25,355394.51
608756,5158,Stock,Carpenter PLC Stock,493.74,93.93,104.78,2023-02-25,51734.08
340335,8280,Stock,"Gonzales, Simmons and Cook Stock",265.47,693.3,703.57,2021-10-20,186776.73
454863,1770,Mutual Fund,"Jackson, Taylor and Hickman Mutual Fund",282.35,803.97,980.12,2022-03-22,276736.88
743637,6937,Stock,Miller-Chan Stock,431.24,521.01,676.92,2023-04-29,291914.98
638549,1029,Mutual Fund,"Smith, Miles and Potter Mutual Fund",378.57,704.4,641.98,2024-03-04,243034.37
558979,7976,Stock,Williams PLC Stock,371.68,757.8,758.94,2024-07-18,282082.82
604552,9063,Bond,Skinner LLC Bond,346.16,613.78,896.67,2023-09-11,310391.29
856757,2142,Bond,Walker-Mendez Bond,254.31,291.07,286.48,2021-06-23,72854.73
669126,3504,Bond,"Bishop, Cole and Chaney Bond",148.83,270.36,241.81,2020-03-03,35988.58
840112,2525,Bond,Jackson Ltd Bond,85.8,755.34,607.87,2021-05-18,52155.25
